#{"t_start": 1738270436.6441228, "env_id": "None"}
r,l,t
-519.204861,800,21.36484
-22.831168,82,22.040854
-297.113183,160,23.378117
-7.578896,99,24.218389
-45.58153,104,25.142351
-728.887113,363,29.027666
-35.557657,120,30.070968
7.562363,73,30.680147
-49.590399,75,31.273659
-1.990921,77,31.881452
-1196.198481,800,51.353282
-247.287477,127,52.573017
-8.506545,79,53.218268
-114.546292,75,53.821123
-85.601124,94,54.545591
-12.061916,75,55.123306
-339.200238,217,57.142573
-59.831819,290,59.503201
-147.32327,80,60.117586
-123.586008,129,61.207024
2.987146,69,61.78874
10.132193,120,73.505406
4.933668,69,74.090856
-126.579092,67,74.633015
-279.386051,133,75.658547
-45.657962,117,76.590752
-3.938832,499,80.648327
-4.284075,61,81.117753
-84.161089,83,81.747731
-251.527548,137,82.851613
-1038.187389,596,87.81269
-45.464743,61,88.311393
-698.294134,443,102.595705
-101.988503,66,103.092603
-4.983306,81,103.696852
27.61092,86,104.354716
-90.668899,65,104.907693
43.022001,273,107.001187
8.099866,72,107.540329
-935.611659,480,111.234698
-216.104799,207,112.908349
6.71127,73,113.447107
-10.173923,91,114.132205
-94.971743,129,115.189077
-46.91677,89,115.934031
1.018128,62,116.43595
-1434.651745,798,131.926723
-17.463178,65,132.425333
-105.206864,190,133.903181
-28.624046,90,134.648042
-37.378591,64,135.120333
-130.439936,126,136.061358
-7.834461,90,136.740577
5.082039,155,138.042203
13.608916,65,138.730696
-856.52087,515,153.84924
-134.878073,424,157.948904
-46.722093,176,159.583275
-9.62652,62,160.081205
-16.41199,64,160.58844
74.122872,800,167.252505
-117.261677,143,168.395165
-568.964307,495,179.667386
-210.569389,199,181.2259
4.980022,171,182.573855
-1404.291608,800,189.032363
-74.529075,192,191.197377
-18.635592,95,192.002493
-11.954465,71,192.614352
-358.427537,283,195.086033
22.844695,100,207.066202
44.74843,165,208.428407
22.170898,184,210.228606
-172.457385,171,212.513628
20.832242,75,213.349525
-9.931245,64,213.977094
-174.775907,118,215.030029
-48.819702,81,215.720969
-21.376862,207,217.664427
-111.767712,137,218.874981
-16.208413,160,220.188887
-70.814401,83,220.898844
-6.972997,205,222.59862
45.685044,128,223.638434
-131.16158,68,224.170075
-7.700099,68,224.711071
-793.712942,408,238.069536
-10.491495,155,239.398369
-259.970002,188,242.055633
-195.830049,104,243.039003
-32.804287,87,243.837784
61.680462,92,244.72623
20.777466,69,245.474941
-14.467666,104,246.509838
-17.280205,131,247.674639
-381.824959,704,254.00592
31.288487,174,263.122714
49.607665,55,263.584211
-55.536013,84,265.269426
-112.427893,99,266.723245
-286.065947,568,271.879633
5.344949,74,272.486793
1.555097,75,273.132181
18.974742,83,273.840981
-58.991351,226,275.61913
-96.246896,204,277.218755
48.360591,76,277.817297
3.865874,90,278.548494
19.172376,69,279.117828
-86.464015,181,280.765776
-64.373594,159,289.291262
-826.966466,800,295.782262
48.615231,45,296.134285
-948.821169,800,303.866124
-85.171124,106,304.797026
43.445717,160,306.235605
-0.523397,65,317.090211
2.329618,63,317.632415
23.993722,79,318.335423
-143.605987,143,319.672712
-190.916412,138,321.602874
17.630862,76,322.342569
-0.100699,81,323.201844
-12.312658,90,324.422096
-115.850252,64,325.327751
-347.103403,800,332.662786
-3.419003,100,333.616446
20.998085,77,334.28971
-1.022247,267,336.590611
-18.527776,114,349.28506
-9.869043,122,350.29826
-58.526607,134,351.468069
-21.31565,73,352.096589
-10.382051,117,353.085644
-200.4686,212,354.887787
1.03073,80,355.570265
-122.703257,62,356.097921
-2.764778,63,356.6598
-13.128102,98,357.489549
-370.472586,230,359.439809
41.776277,110,360.345675
-140.546892,70,360.929074
-43.602878,366,364.041202
-17.504358,225,365.95395
-1151.415748,800,380.150088
-89.321118,84,380.8397
-30.419025,81,381.526253
0.575062,64,382.038253
-447.921454,292,385.113933
-177.795878,250,387.790693
-112.246051,360,390.80794
12.338514,61,391.289039
7.166211,71,391.877445
-31.386744,124,400.2829
-122.961223,106,401.152726
-41.924683,170,402.554208
16.068748,76,403.16615
-18.632665,91,403.893411
-20.94236,58,404.365437
21.614671,97,405.564098
-43.694589,79,406.530901
-230.520367,182,408.411776
-11.927163,84,409.285726
-451.158169,222,411.649607
-99.291446,306,414.853414
5.009849,68,415.597168
47.538604,78,416.424654
24.634481,95,417.406369
-8.499862,64,418.062832
-33.083933,67,418.764538
-507.937008,412,429.706396
-293.958392,202,431.251924
-24.551889,130,432.260856
-31.240288,162,433.548897
25.027677,113,434.451072
-145.992605,97,435.195102
-111.573253,108,436.057442
-330.260137,359,438.909633
40.199023,162,440.160676
52.425686,52,440.574732
-14.527631,185,442.021159
-304.892515,215,451.056033
17.428242,76,451.643381
-17.161301,71,452.184805
12.926829,68,452.693849
-38.888429,71,453.234887
56.886794,127,454.215609
16.960942,70,454.755806
-41.199109,121,455.69023
-1229.391033,800,465.282435
184.137472,285,468.610803
48.973713,102,469.385313
195.401748,800,482.915009
63.229046,209,484.503528
-31.969797,68,485.011029
17.21442,86,485.666282
-183.544745,221,487.360244
23.008831,140,488.430627
-186.194318,800,501.707324
-351.392924,315,504.111138
-143.674807,178,505.505485
-13.265525,233,507.300569
-247.365887,383,510.243751
3.771814,110,511.144166
2.993708,210,512.773679
-8.663034,66,513.285776
-159.371973,136,514.34056
-765.248107,800,528.127224
-16.674753,61,528.593676
9.798161,108,529.402758
61.634043,65,529.897489
-80.932592,172,531.201255
44.449703,192,532.644309
14.975226,66,533.156988
-111.305525,71,533.700857
17.211688,82,534.335188
-35.548476,70,534.878336
-1206.192763,800,548.299161
-144.583179,72,548.864261
25.989659,329,551.39235
34.884279,98,552.142569
4.435742,107,552.974339
-258.216525,148,554.132655
-8.478188,70,554.663822
-93.356032,504,558.521695
10.795609,75,559.095746
6.676898,63,559.567194
-33.339403,75,560.146832
49.448249,186,561.593696
-193.956203,103,562.383467
-268.996293,158,570.867213
22.458841,72,571.387742
-105.913844,68,571.901911
37.63502,121,572.822671
-78.542032,800,579.108544
-70.611834,68,579.643139
-24.116828,67,580.145009
-5.319265,183,581.539641
7.472104,68,582.069726
2.837793,87,582.733356
-45.384821,95,583.460405
-2.770232,64,583.938969
12.18486,76,584.508723
-9.405987,174,585.835285
-152.656804,243,595.212388
-42.314889,201,596.741071
-15.899839,71,597.303833
-0.633702,63,597.777816
8.350596,106,598.595191
-18.529581,217,600.263466
-53.245418,463,603.825176
-20.948039,95,604.552712
4.844356,175,605.929834
-3.347864,208,607.521898
15.543898,64,608.013747
-346.528811,355,618.011597
-7.469227,62,618.471533
-276.629934,173,619.791969
33.15682,78,620.40834
-5.353145,74,620.965308
-207.967552,158,622.187585
-66.04078,800,628.159048
1.376278,98,628.915473
-448.79731,800,642.764487
-14.535866,70,643.281509
-87.567066,800,649.321358
-192.723227,132,650.299519
-77.050016,280,652.394406
27.644757,130,653.349782
-90.078998,99,654.087503
-8.069625,64,654.556894
-162.674957,154,663.528558
29.923223,105,664.331274
-90.226247,72,664.877822
50.236097,93,665.595606
-72.524159,64,666.109221
15.461234,65,666.612649
-18.667651,285,668.776287
235.442241,800,674.799597
183.910338,800,688.422335
-6.010446,438,691.68298
-16.790382,71,692.209595
16.315644,180,693.575799
28.776878,126,694.532851
20.230812,66,695.044936
-5.858337,59,695.501926
693.452668,800,701.613964
11.847018,67,710.288824
26.211644,86,710.941349
32.74229,292,713.103248
12.998508,325,715.55626
0.665582,71,716.083308
23.827519,69,716.588929
4.019985,66,717.094763
49.812107,121,718.008341
17.041894,154,719.145162
5.111926,80,719.758649
274.74597,800,733.862333
542.763699,800,739.840252
18.656334,79,740.420516
-31.750767,122,741.332609
17.255,272,743.437726
-22.897732,59,743.888883
-7.875935,71,744.435577
17.590338,138,745.45269
-131.374656,800,758.892177
9.897455,145,759.952024
34.002588,109,760.768247
11.863645,130,761.731999
54.636384,145,762.845222
104.526164,187,764.261033
-4.42822,184,765.658672
-18.674362,97,766.377611
10.319264,209,767.994674
13.094931,301,770.219486
-53.075376,413,780.642482
-58.212142,255,782.545683
22.105471,286,784.803824
-15.985185,765,790.524504
69.53775,167,791.792943
13.577002,60,792.248271
-67.866953,79,792.847055
-22.949792,571,804.62454
46.561356,113,805.483
-15.476909,63,805.947746
-27.77279,393,808.899747
20.777065,123,809.807576
-38.535743,67,810.310243
-129.023594,176,811.64545
-5.794937,800,825.038396
49.184922,137,826.104027
18.768854,66,826.612345
61.876852,236,828.403318
68.758397,152,829.571981
16.8484,76,830.146882
21.110822,71,830.692158
-12.824729,63,831.175609
2.879219,114,832.01961
-13.462644,86,832.667415
117.902699,664,837.823407
-20.625396,178,839.210325
2.497293,87,839.888319
-40.851412,103,840.683717
16.310084,101,848.90853
-0.577563,123,849.857277
12.13191,65,850.343687
-218.130805,800,856.460585
-19.642773,104,857.267926
127.043968,335,859.784485
-9.265807,78,860.358859
57.288916,58,860.797677
22.691485,76,861.361797
82.723675,115,862.270505
6.648171,76,862.836232
601.084855,800,876.168364
-15.298149,77,876.744867
22.682009,226,878.458766
45.536771,211,880.045704
75.605736,312,882.398631
25.775634,89,883.063178
2.160677,436,886.347436
6.868459,163,894.951574
23.909501,87,895.601974
96.089217,406,898.689648
524.169565,800,904.692962
-29.040943,132,905.718459
-21.8336,75,906.304797
161.092429,383,909.197483
49.712032,130,917.411651
60.021312,168,918.659044
-11.549266,61,919.107955
-17.360222,176,920.42406
128.706105,497,924.271776
-49.121226,68,924.828274
11.701696,70,925.354066
81.92422,382,928.215024
43.104927,105,929.012946
8.497846,64,929.496469
30.955947,110,930.334969
-11.926463,800,943.781191
30.545959,107,944.594899
23.342048,79,945.207501
51.048673,170,946.505299
13.378818,135,947.541255
18.559881,77,948.158851
25.848291,85,948.814385
77.779221,521,952.834825
39.985792,99,953.626295
23.574064,80,954.251297
-9.844766,137,955.351201
18.810373,73,963.322418
25.895052,186,964.797299
30.631718,111,965.695014
28.4587,132,966.736645
168.326863,423,970.021618
16.454651,69,970.616185
49.962608,106,971.412146
84.189289,281,973.595533
4.083443,73,974.172067
58.511043,168,975.479793
-11.547322,63,975.973767
19.657802,75,976.589422
-9.195109,142,977.686178
483.657095,712,990.609476
-4.33027,117,991.48938
3.195905,70,992.020007
50.637344,241,993.84786
140.225512,343,996.450615
-7.312464,112,997.299967
124.707886,326,999.742518
30.423608,100,1000.500324
15.042837,73,1001.047103
-5.487916,60,1001.496646
41.276156,98,1009.522207
52.672412,79,1010.116459
11.685644,78,1010.702386
-42.006535,70,1011.24553
33.713959,88,1011.895242
80.132002,82,1012.537549
39.463394,112,1013.430777
29.789922,118,1014.31167
2.922897,64,1014.789127
52.033643,342,1017.425346
48.430621,65,1017.932913
-15.844873,189,1019.409881
58.132693,231,1021.171815
10.5778,64,1021.656224
7.272133,66,1022.15579
102.609172,178,1023.50415
18.051328,93,1024.192019
26.390973,79,1032.115619
23.476363,111,1032.964745
-36.96504,73,1033.510047
-45.119378,800,1039.564592
13.370527,68,1040.084705
19.060503,77,1040.662766
30.674315,95,1041.384589
15.314365,71,1041.918036
45.481711,116,1042.823572
-26.819573,60,1043.277261
17.640521,68,1043.797925
45.232892,50,1044.18518
19.439638,77,1044.765983
-15.343868,63,1045.249005
123.901085,344,1055.279283
-25.590262,104,1056.060401
-17.614912,61,1056.519576
31.344121,82,1057.132228
-53.917149,282,1059.318281
18.006255,73,1059.878488
247.049018,644,1064.930779
7.710364,99,1065.684889
90.368647,153,1066.8329
73.654298,190,1068.269311
-4.260754,70,1068.785603
3.00954,161,1070.018409
34.854094,118,1078.429676
4.857312,68,1078.961094
46.405665,65,1079.476748
12.040082,82,1080.087769
59.613226,361,1082.888468
32.820458,72,1083.453245
2.417474,63,1083.924287
15.121883,70,1084.456657
67.538061,177,1085.787083
16.267254,79,1086.377788
15.150064,71,1086.90656
88.464404,129,1087.854443
48.175821,67,1088.350283
76.755862,183,1089.719157
-1.556029,69,1090.23868
47.83946,112,1091.087236
115.020566,228,1092.816966
12.33598,62,1093.271803
26.562741,131,1101.471433
14.323207,71,1101.979507
23.180899,105,1102.761436
46.952908,48,1103.157722
4.980147,68,1103.6747
24.701393,199,1105.156998
-12.223224,72,1105.689787
-15.052396,131,1106.70628
29.063055,220,1108.351661
-11.63069,67,1108.866785
17.0493,144,1109.945316
136.74156,225,1111.649142
37.809752,205,1113.220653
54.713827,140,1114.284799
241.225647,316,1124.038231
-36.708891,61,1124.499635
163.460413,449,1127.863377
-21.92848,65,1128.370177
-367.910127,534,1132.462724
-2.055205,64,1132.935576
-2.873692,64,1133.420452
20.679349,66,1133.915998
50.522972,98,1134.657076
6.113884,65,1135.145519
17.068806,66,1135.649971
16.228334,67,1136.159204
59.329255,198,1137.622988
4.415185,64,1138.183554
15.683054,158,1139.36441
-69.313505,78,1147.259899
8.808655,95,1147.987192
31.84829,83,1148.625044
7.836824,114,1149.473167
-1.739301,323,1151.917248
30.448141,208,1153.531863
8.681934,64,1154.016841
13.565383,185,1155.405095
3.442929,63,1155.885881
157.682416,331,1158.435876
1.474952,65,1158.940814
11.252651,65,1159.440315
54.087389,102,1160.23011
14.14262,69,1160.760145
-8.297095,64,1161.243913
-0.022783,71,1161.816203
-22.537018,66,1162.367348
28.413391,91,1170.402714
13.984023,221,1172.027471
39.220388,98,1172.766583
46.049567,239,1174.53174
59.557795,129,1175.485363
55.777024,103,1176.23655
103.942906,311,1178.599441
0.636369,64,1179.092596
19.272075,68,1179.600775
161.533519,478,1183.199759
73.753782,202,1184.743715
93.349492,363,1194.845413
-1.297268,68,1195.349597
47.37261,92,1196.049166
4.63633,73,1196.590982
43.513358,134,1197.595255
25.334576,84,1198.232261
11.322446,66,1198.735134
-811.548303,396,1201.710576
51.598998,112,1202.555136
40.703669,109,1203.355027
17.550633,64,1203.835994
-51.665904,800,1217.275399
13.238358,101,1218.052966
35.981889,170,1219.354797
10.477527,96,1220.09043
679.046116,800,1226.08859
51.587925,132,1227.12096
0.616553,59,1227.567924
106.649945,212,1229.143696
-14.672476,67,1229.641486
16.344592,75,1230.19235
1.227151,61,1230.637212
7.209097,157,1239.472199
87.498167,209,1241.040049
58.944266,219,1242.761561
30.175594,161,1244.032494
24.290599,101,1244.815525
13.574716,280,1246.933759
92.675756,254,1248.855705
13.346737,63,1249.341407
26.432619,800,1262.652001
22.435213,81,1263.258521
-24.724438,70,1263.800648
9.173171,64,1264.277278
51.954633,116,1265.176186
5.446866,75,1265.744261
-7.064137,64,1266.224675
-0.054158,71,1266.750632
-59.356253,79,1267.344583
18.28445,135,1268.361522
21.210874,162,1269.555049
29.336767,75,1270.1235
13.56995,66,1270.610476
231.338527,342,1273.254665
1.031628,63,1273.761721
-19.606856,294,1275.945547
82.455785,100,1276.681475
10.717281,174,1285.584557
-15.937547,72,1286.130208
61.52968,125,1287.08312
-63.943276,75,1287.649752
-24.015284,230,1289.37786
47.732586,114,1290.273183
-20.087411,100,1291.120944
116.622848,307,1293.439344
1.270088,61,1293.89336
343.447947,712,1299.289273
2.771567,96,1307.373002
69.438919,176,1308.717636
-19.28143,67,1309.217949
14.766408,96,1309.933689
16.64492,62,1310.395662
9.372294,63,1310.873612
72.980448,72,1311.415273
38.550778,51,1311.798928
21.096102,123,1312.715807
55.084787,135,1313.741167
17.398754,128,1314.71459
2.932173,800,1320.766753
28.146044,111,1321.582324
-148.936807,86,1322.225186
-7.952056,800,1335.56015
62.998954,161,1336.775124
577.1302,800,1342.841518
-8.171089,77,1343.427377
-10.449706,68,1343.936885
50.701241,68,1344.450148
39.028748,106,1345.268909
13.196706,90,1353.289401
45.407619,151,1354.41502
-4.872456,59,1354.846723
-7.946046,63,1355.316405
21.158325,84,1355.945269
62.99226,209,1357.551062
-12.069139,800,1363.600947
12.798769,65,1364.088079
-6.740471,139,1365.104118
74.557099,109,1365.99592
125.058816,316,1375.700367
12.089552,78,1376.302489
20.826407,103,1377.077061
24.202571,72,1377.643056
-0.832465,81,1378.265369
61.820027,223,1379.998949
-39.7755,71,1380.53911
39.947717,237,1382.331201
21.389851,69,1382.839974
16.432435,71,1383.397947
-13.559237,64,1383.88937
7.344255,68,1384.414068
128.583979,246,1386.235131
13.277885,73,1386.774605
209.302773,413,1389.881506
13.288124,78,1390.489841
14.909568,68,1390.990994
34.40852,123,1399.338239
35.98812,159,1400.511709
63.458323,187,1401.890764
16.2569,74,1402.464628
8.158502,213,1404.108111
21.826552,76,1404.669221
-4.385321,80,1405.270793
124.230333,371,1408.083178
42.462166,225,1409.80284
10.017078,199,1411.284707
13.254673,198,1412.731913
32.677023,109,1413.548256
-7.09462,119,1421.634781
54.264571,81,1422.251515
47.298331,125,1423.173117
127.444306,279,1425.357237
5.919301,81,1425.972341
-46.138452,118,1426.869371
176.443974,519,1430.837177
-19.291175,109,1431.669479
21.413018,134,1432.663816
3.325829,62,1433.123476
0.066202,78,1433.710998
25.781782,133,1434.71405
22.046504,71,1435.245901
-1.56913,60,1435.699209
-1.242335,64,1436.181074
64.22009,80,1444.294564
23.734945,135,1445.309365
18.929251,111,1446.137338
25.245196,295,1448.334413
6.881557,78,1448.94168
12.157338,162,1450.165415
25.199798,200,1451.669086
36.088782,120,1452.564688
92.030482,171,1453.85044
37.781065,95,1454.575891
28.505041,80,1455.197077
38.875911,94,1455.929471
5.771081,77,1456.514404
44.844511,228,1458.258804
130.205655,333,1468.235979
6.211981,73,1468.792499
50.855362,120,1469.68114
-10.405885,60,1470.126243
-2.984315,67,1470.635021
-9.440909,81,1471.236805
18.826668,67,1471.721282
239.212235,418,1474.83389
168.180781,285,1476.983515
19.614607,72,1477.51678
62.591622,189,1478.926223
75.310885,107,1479.732135
25.652164,89,1480.395811
8.21205,66,1480.908201
3.917177,180,1482.290714
15.514627,63,1490.069237
-25.561011,87,1490.721528
18.871228,79,1491.321
43.847902,98,1492.050164
152.085247,800,1498.182723
23.624226,72,1498.752358
69.224895,274,1500.82838
12.465581,68,1501.330959
4.780025,76,1501.894964
16.739976,72,1502.436706
103.999444,190,1503.906336
-4.547119,121,1504.836799
202.600612,800,1518.201263
41.928354,197,1519.672901
13.926449,74,1520.213794
717.562031,800,1526.221382
19.835285,86,1526.888563
191.096057,360,1538.84847
39.393385,125,1539.773094
44.101703,106,1540.564061
15.884842,65,1541.062498
742.447774,800,1547.029343
12.839799,79,1547.62795
3.426839,61,1548.102353
58.66664,86,1548.75719
-11.629885,93,1549.460307
13.3674,72,1549.995311
669.90368,800,1563.683949
21.868488,136,1564.709358
29.879817,800,1570.709785
16.851744,67,1571.245558
15.655519,74,1571.803565
77.03471,144,1572.906704
-266.814202,800,1586.305312
14.39108,83,1586.930905
76.685877,189,1588.337776
6.751168,68,1588.87392
-18.139068,94,1589.581537
-8.333065,62,1590.056884
36.852217,112,1590.905101
-12.495133,68,1591.412419
84.388453,283,1593.573948
23.35962,78,1594.143317
23.395794,70,1594.663647
41.361881,127,1595.622481
51.289216,110,1596.448084
32.206057,138,1597.470131
50.7592,172,1598.76152
7.058077,71,1606.55073
56.823571,88,1607.211089
-1.303804,67,1607.717607
7.875891,70,1608.249018
18.97859,65,1608.732494
-27.962797,62,1609.205151
22.263216,168,1610.473342
68.100341,102,1611.2544
3.429496,61,1611.70085
28.32407,290,1613.910178
62.167932,115,1614.769203
5.779804,68,1615.294584
11.998535,84,1615.95657
81.917855,93,1616.684936
-4.033311,173,1618.006022
135.115079,223,1619.703301
31.445727,103,1620.485324
41.903695,203,1629.473145
164.797078,303,1631.744037
66.239234,85,1632.388304
66.546846,175,1633.705629
130.960017,247,1635.564431
7.423819,78,1636.185056
25.125938,69,1636.704996
19.427491,66,1637.200794
24.644523,86,1637.853827
20.420417,75,1638.435267
60.223038,123,1639.365638
719.105589,800,1652.700743
2.136618,63,1653.167301
58.318647,183,1654.528477
62.006177,67,1655.030943
16.401097,85,1655.682152
53.17329,57,1656.123163
-7.160675,149,1657.214568
40.621442,160,1658.421592
114.832719,289,1660.544578
-9.797634,63,1661.021473
88.544797,197,1662.559553
-5.508231,111,1663.384671
68.290306,157,1664.54109
-6.745169,72,1665.091133
-9.841176,522,1676.251731
7.285876,72,1676.794264
0.414343,61,1677.243438
128.204273,222,1678.9113
-43.063609,75,1679.489703
47.330392,160,1680.6743
7.921074,85,1681.317847
-6.031038,79,1681.905716
19.62879,87,1682.559191
68.472076,181,1683.937976
49.699812,74,1684.492481
53.747848,77,1685.063053
75.225057,87,1685.710261
12.25371,65,1686.220449
-8.702677,83,1686.835105
34.954212,117,1687.728068
52.033385,111,1688.573181
30.085362,99,1689.302541
53.49476,104,1697.339847
1.717586,79,1697.940565
16.148995,67,1698.448745
11.67254,72,1698.993708
35.630115,110,1699.837422
-8.820749,91,1700.544443
25.343253,214,1702.15062
-224.710352,117,1703.042161
169.829479,552,1707.22601
36.243188,90,1707.903338
45.18339,80,1708.512007
87.932285,141,1709.563374
7.593085,63,1710.045352
37.521334,107,1710.835697
762.629947,800,1724.143317
14.512524,67,1724.657907
8.706521,91,1725.361578
32.460745,91,1726.060529
4.270566,68,1726.567965
44.431392,103,1727.378976
-16.918283,60,1727.840538
22.094117,71,1728.404418
17.186623,78,1729.002091
-106.208524,570,1733.357277
22.143032,77,1733.922271
45.019675,54,1734.324322
-42.928374,57,1734.741605
54.57553,507,1746.2284
32.056359,145,1747.359894
106.098435,127,1748.345498
57.956826,63,1748.830377
17.507221,131,1749.850569
84.169173,340,1752.423035
2.869702,72,1752.969485
21.186183,110,1753.782269
2.257783,79,1754.374558
20.751607,140,1755.421039
36.87682,174,1756.725293
68.326726,205,1758.277038
1.684608,66,1766.071373
229.676123,800,1772.129558
44.399945,115,1772.987156
40.004413,393,1775.887514
31.167849,88,1776.574932
22.345824,68,1777.093099
18.997337,85,1777.758148
156.464165,363,1780.538574
55.301377,119,1781.44812
94.274744,382,1791.801612
-11.698748,69,1792.332318
48.758909,94,1793.068103
19.567512,82,1793.691864
53.92017,120,1794.581531
-0.038265,61,1795.041354
31.168864,87,1795.67561
-21.270085,85,1796.312574
-76.038402,800,1802.35202
-25.91782,80,1802.941825
-11.038208,107,1803.747043
123.365211,235,1812.791834
39.969082,800,1818.968568
12.298813,62,1819.469854
28.074687,183,1820.829415
25.070511,67,1821.332152
34.228578,98,1822.079054
22.115191,153,1823.241263
-2.433639,70,1823.773453
1.67998,68,1824.298972
-1.477681,63,1824.776038
47.945521,115,1825.654615
25.072714,72,1826.198482
13.071875,76,1826.793622
3.999309,70,1834.627451
20.082267,138,1835.670789
17.602527,71,1836.196276
18.749073,75,1836.753715
9.844296,64,1837.224013
16.086955,66,1837.727998
209.161305,496,1841.45349
-44.115074,68,1841.965353
37.912164,109,1842.812016
2.610429,73,1843.349553
28.449519,72,1843.893956
42.672207,256,1845.815979
163.847986,219,1847.488779
66.14753,141,1848.5259
-2.818928,66,1849.017821
13.337388,93,1849.712523
8.639435,74,1857.54661
-12.406854,66,1858.063808
28.199018,86,1858.706992
15.209072,73,1859.303432
7.459824,73,1859.885372
236.273955,314,1862.213713
103.831007,410,1865.299225
3.555923,68,1865.788102
26.939807,165,1867.02068
706.952932,800,1880.598678
4.581462,60,1881.041973
-6.540312,74,1881.586097
4.862882,66,1882.079892
47.637224,90,1882.789154
22.879247,207,1884.346482
-7.712592,121,1885.273985
1.150697,73,1885.830086
39.931756,96,1886.556007
27.525839,186,1887.991079
112.27259,749,1893.677531
15.054956,82,1894.311394
11.336709,64,1894.792175
115.596789,800,1908.042347
119.936189,335,1910.550829
-46.374236,75,1911.108457
26.926764,111,1911.930738
36.199076,141,1913.008957
6.437768,69,1913.520055
-4.019191,63,1913.988041
91.570038,280,1916.096115
5.108207,68,1916.604396
5.938122,64,1917.097163
12.358469,83,1917.786408
26.322583,139,1926.259813
29.964606,143,1927.352156
18.380764,71,1927.894919
111.902912,305,1930.205387
241.222018,319,1932.591616
86.96795,231,1934.374327
34.790576,259,1936.296964
13.222439,74,1936.846536
28.381307,103,1937.659665
343.951952,446,1941.345672
58.313964,58,1966.443535
-2.989141,146,1967.73145
-2.489488,69,1968.345795
16.140618,83,1969.069549
55.103331,120,1970.104409
30.830639,117,1971.156249
-61.186894,91,1971.955797
197.449162,394,1975.41816
54.713848,85,1976.166928
66.141593,219,1978.170216
14.17255,66,1978.737293
15.650962,68,1979.328047
72.438022,207,1981.143606
649.345265,800,1998.767565
57.507271,103,1999.524693
16.334307,69,2000.030084
64.137849,69,2000.563963
111.146506,322,2003.027807
52.803734,287,2005.151337
15.85502,74,2005.715406
317.995163,800,2019.17579
153.615933,493,2022.807889
-5.629833,66,2023.299196
14.118323,94,2024.016236
157.465072,277,2026.075857
21.393378,87,2026.72502
31.043717,193,2028.231476
-21.947559,265,2030.268865
9.119626,77,2030.850763
32.396042,250,2032.693894
6.261956,76,2033.276329
53.723261,83,2041.305641
130.026186,334,2043.830806
25.181088,70,2044.359544
1.897215,66,2044.836425
97.107745,162,2046.026209
254.623416,461,2049.474382
212.629632,427,2052.69212
732.702921,800,2066.022469
487.799187,800,2072.093318
13.87551,67,2072.597227
47.595025,173,2073.890702
17.569611,61,2074.361827
11.299226,74,2074.915906
40.0566,141,2075.9376
15.674301,70,2076.436178
57.787096,83,2077.043565
120.562853,347,2086.982033
1.943152,181,2088.398443
22.533232,75,2088.966165
29.273427,98,2089.708962
100.939553,175,2091.023214
-0.468943,58,2091.460878
132.356561,206,2093.007306
27.260831,74,2093.563781
27.894549,92,2094.25039
20.850734,64,2094.746606
252.870148,441,2098.295242
-373.55449,800,2111.858176
31.553218,186,2113.256716
23.39165,141,2114.3439
118.304016,169,2115.668777
36.241293,154,2116.926493
77.741804,236,2118.801352
123.900723,706,2124.288573
33.600702,94,2125.034015
52.901548,157,2133.40062
32.189653,108,2134.238478
-16.587016,115,2135.084486
62.002264,103,2135.854544
98.488691,251,2137.83259
93.221065,148,2138.988827
62.456924,247,2140.876606
187.781985,281,2143.031968
55.683664,138,2144.100603
2.490965,73,2144.699696
34.899506,255,2146.652586
-12.173743,68,2147.169405
54.920792,72,2147.712968
200.683199,347,2157.727494
-2.9533,70,2158.257892
80.8097,100,2159.032975
47.286482,98,2159.811173
166.465286,256,2161.80108
56.75435,91,2162.477519
15.432212,68,2163.008042
-7.257267,112,2163.853782
24.059613,80,2164.47059
25.286256,194,2165.94692
-2.60775,77,2166.537238
-5.090362,60,2166.98491
17.053277,67,2167.487284
-21.930588,69,2167.996337
-1.503228,72,2168.549403
47.237848,129,2169.514957
76.951355,97,2170.252074
58.684576,93,2170.954175
14.141015,96,2171.673776
140.265568,535,2183.290134
317.778979,497,2187.156576
135.157488,223,2188.876505
635.971246,800,2202.316205
12.637621,67,2202.819948
82.881356,164,2204.077647
713.713141,800,2210.109347
15.508806,78,2210.689654
690.934306,800,2216.679677
14.895938,70,2217.197159
-8.369632,71,2225.016407
720.632368,800,2231.215225
150.36287,211,2232.860932
16.493706,60,2233.312795
50.01273,184,2234.714577
82.793373,129,2235.67135
61.397645,271,2237.811029
4.632256,65,2238.314485
703.69838,800,2251.995597
93.180669,100,2252.755433
687.632372,800,2258.916681
213.371676,445,2262.358176
176.661267,800,2275.726231
61.782037,241,2277.507666
154.293631,316,2279.941926
40.236246,145,2281.098026
16.305329,70,2281.638855
46.822494,101,2282.388305
160.826969,341,2285.037029
99.21798,170,2286.338185
14.774631,143,2294.700306
532.389737,800,2300.614886
100.250883,164,2301.839042
229.053805,503,2305.587606
230.600762,386,2308.474592
105.58505,346,2318.807343
-8.378452,115,2319.662547
20.632231,183,2321.08887
95.69413,185,2322.548645
-0.14422,61,2323.038217
75.008964,220,2324.714724
-25.487208,235,2326.487467
1.296472,66,2326.98035
88.788337,123,2327.904174
42.177154,187,2329.298814
5.841557,157,2330.542812
32.116678,84,2331.202034
5.847501,190,2332.648918
76.786401,121,2340.92735
44.612134,99,2341.646641
-0.634506,61,2342.088184
-7.761264,65,2342.57897
40.075844,147,2343.682519
25.36576,157,2344.881232
22.109295,214,2346.490777
-10.72319,119,2347.358948
51.953863,69,2347.863844
56.955992,55,2348.26084
7.267074,67,2348.756171
-190.14596,161,2350.243043
171.622408,800,2366.403652
-314.714094,800,2373.077249
22.903785,77,2373.712511
30.691052,135,2374.775339
1.466451,63,2375.304763
-0.140343,67,2375.835217
93.255838,118,2376.740956
730.457249,800,2390.755086
-0.119539,61,2391.277205
329.313098,800,2397.849563
141.688792,233,2399.760096
14.054623,78,2400.447761
-763.42288,800,2407.012022
168.067546,423,2417.650846
656.020599,780,2423.946859
655.376036,800,2430.481068
81.861655,230,2441.40439
88.631332,233,2443.346975
-12.630151,78,2443.986787
60.537485,273,2446.196729
21.23146,68,2446.748097
9.751928,75,2447.343447
40.982201,99,2448.128143
-4.692555,67,2448.680243
19.972868,70,2449.276506
39.768539,103,2450.090541
77.89299,232,2451.927919
-10.348653,103,2452.733611
312.886054,800,2466.722031
1.592024,63,2467.245984
299.00123,570,2471.79852
27.023242,495,2475.849277
57.909944,85,2476.564459
74.458964,300,2479.141701
66.471168,118,2480.113967
49.877218,101,2488.186236
270.777576,395,2491.352999
-13.423829,92,2492.134629
24.949458,180,2493.588848
-29.974509,64,2494.113566
-15.369418,75,2494.732203
456.34673,772,2501.071568
31.606232,98,2501.89963
-10.884088,80,2502.5394
216.488374,377,2512.883713
105.667059,800,2519.350707
2.987013,65,2519.886952
50.209277,104,2520.751123
11.907807,119,2521.683809
13.114003,66,2522.210038
-34.321206,382,2525.416112
14.318075,75,2526.037755
-86.567589,63,2526.558184
56.316525,170,2527.948843
66.898204,133,2536.549024
691.538743,800,2542.893151
24.373374,101,2543.699682
-1.007846,67,2544.236123
10.27506,72,2544.825372
16.827652,97,2545.578511
54.224484,97,2546.312014
8.900718,315,2548.787059
-17.288784,62,2549.29308
675.255157,800,2563.152764
49.803069,121,2564.081348
79.747303,149,2565.21776
119.718107,406,2568.421659
41.819851,106,2569.231746
13.878397,66,2569.733177
-11.111094,82,2570.379729
11.010087,72,2570.930007
-232.567972,800,2584.482797
18.086594,121,2585.392545
7.502595,60,2585.852954
208.427043,264,2587.823164
74.135695,73,2588.36686
113.218519,380,2591.252419
101.863321,344,2593.839503
-5.914466,99,2594.576929
142.781518,228,2596.365165
65.884757,124,2597.338064
129.330836,263,2606.542244
64.496649,210,2608.180045
24.867845,73,2608.736028
47.922607,125,2609.687497
35.958252,139,2610.759031
77.377426,102,2611.52967
8.017155,130,2612.546909
-1.450185,76,2613.139782
-817.260123,800,2619.338061
21.154405,85,2620.015433
72.967867,417,2630.631451
0.340805,65,2631.135185
-36.57476,159,2632.391491
14.756536,63,2632.893672
81.388587,113,2633.775547
19.769217,98,2634.531646
98.557474,147,2635.651293
181.093221,287,2637.877268
-2.024613,83,2638.497789
6.934693,73,2639.081626
45.735678,125,2640.088634
11.546068,71,2640.622792
57.880101,99,2641.396569
65.694473,483,2645.117237
-902.873515,800,2658.713549
71.985369,92,2659.447384
44.272363,98,2660.178366
-12.417194,81,2660.787551
-9.935515,74,2661.364649
514.838943,800,2667.438323
72.960866,107,2668.258237
34.494932,89,2676.218139
98.361776,302,2678.481688
20.39019,74,2679.041484
-10.735428,71,2679.565385
129.818278,295,2681.766864
78.405009,95,2682.47735
-12.985943,60,2682.949624
31.312584,102,2683.716701
52.003361,224,2685.399859
245.047982,641,2690.323652
1.195541,61,2690.788054
660.608871,800,2704.223501
380.180976,800,2710.375983
25.638112,70,2710.919886
58.505305,82,2711.555557
-21.743958,132,2712.604447
6.784586,71,2713.154223
-2.336545,66,2713.647953
171.05462,252,2723.026834
722.276424,800,2728.933412
-15.372572,111,2729.80568
-91.034192,114,2730.711712
17.643144,75,2731.281808
166.167215,297,2733.519933
-15.500064,108,2734.331367
52.824678,196,2735.769702
49.221768,221,2744.665647
644.512821,800,2750.655803
4.011544,65,2751.166853
68.197272,86,2751.832066
-1.412306,173,2753.140071
726.297056,800,2759.317183
81.742807,125,2767.622382
126.839861,177,2768.916864
72.990487,115,2769.775643
120.135688,364,2772.477623
29.229121,146,2773.572928
79.644319,249,2775.461801
66.072011,263,2777.441586
60.912301,82,2778.072742
17.478798,65,2778.551112
217.193224,384,2781.505547
53.844077,235,2790.633632
123.324927,165,2791.829565
40.282008,56,2792.240353
29.849692,82,2792.858605
29.940392,370,2795.635588
20.510617,65,2796.114756
10.514208,82,2796.729606
712.294141,800,2802.895757
80.385412,129,2803.841808
76.616014,206,2805.351089
5.94659,70,2813.286938
81.215321,300,2815.520305
41.634641,108,2816.345388
567.200559,800,2822.402778
737.294533,800,2835.596597
14.603632,65,2836.074915
9.46672,63,2836.549043
56.458348,54,2836.962099
2.910535,64,2837.450795
17.185995,259,2839.376369
252.947952,376,2842.110029
-23.540771,66,2842.590642
674.798796,800,2848.628757
46.060993,210,2850.158402
80.757125,77,2858.064146
43.38555,85,2858.695519
80.11183,139,2859.732412
254.516636,800,2865.749225
244.519698,396,2868.760802
57.995609,144,2869.835237
17.761358,143,2870.878434
94.163554,138,2871.913628
165.520014,250,2881.308452
24.93887,153,2882.444967
8.983815,89,2883.128802
175.940755,237,2884.900982
487.190676,741,2890.517489
58.605576,85,2891.157684
18.065214,70,2891.677221
24.598848,682,2904.114926
87.722865,114,2904.964962
22.13557,133,2905.955759
735.114916,800,2912.008175
138.720767,328,2914.417307
15.563647,115,2915.281503
92.061296,800,2928.905841
739.549224,800,2934.981078
3.726455,64,2935.466477
-43.726294,68,2935.998789
15.465351,69,2936.532445
25.685743,72,2937.077648
18.690821,75,2937.662843
7.783794,70,2938.195369
714.479722,800,2952.292439
-12.455306,78,2952.891311
10.672196,97,2953.628214
-2.939444,64,2954.088109
5.348957,66,2954.566521
257.8127,423,2957.804175
94.190735,116,2958.69655
678.123288,800,2964.62329
-14.000778,124,2965.550005
2.564104,68,2973.476838
28.33461,79,2974.089819
247.588683,392,2977.011785
122.670558,324,2979.457219
246.438814,353,2982.091563
559.999877,800,2988.112009
398.485951,800,3001.435357
715.021839,800,3007.497896
-11.275234,68,3008.006656
390.979463,741,3020.900649
30.381444,117,3021.771408
-16.331401,61,3022.260578
318.724284,467,3025.752151
63.841858,87,3026.402931
116.201458,290,3028.640888
97.295289,128,3029.603173
78.436527,169,3030.893224
55.842603,60,3031.344037
177.888989,411,3041.861895
38.284563,142,3042.914028
26.672843,191,3044.333708
62.007492,83,3044.954496
34.118847,800,3051.250751
46.755324,167,3052.525597
-31.254572,71,3053.065336
298.000973,325,3055.485394
652.870525,800,3068.861647
-146.298803,70,3069.385453
748.513994,800,3075.576896
87.468937,289,3077.754629
750.031894,800,3091.246043
238.058621,302,3093.573819
41.203072,279,3095.769306
661.696608,800,3101.82002
15.096742,89,3102.477488
-17.632076,67,3102.978661
333.163863,800,3116.225851
16.520504,111,3117.045179
180.756652,449,3120.408262
17.07364,64,3120.923494
27.960929,92,3121.658605
711.384963,800,3134.980836
45.214609,52,3135.369347
49.028481,67,3135.872125
715.698935,800,3141.891072
8.93695,132,3142.914615
11.418048,67,3143.442657
-33.524097,157,3144.627363
189.114608,304,3146.921919
34.526779,93,3147.613235
632.49235,800,3160.772987
644.761123,800,3166.842939
51.685495,71,3167.383058
50.877583,377,3170.231212
41.675567,263,3179.564328
228.465975,344,3182.168894
-31.509184,61,3182.625992
283.231184,454,3186.085546
113.532861,262,3188.046817
42.474638,49,3188.403885
545.909525,800,3201.817666
60.393571,326,3204.285563
72.785916,138,3205.331853
166.122239,339,3207.955244
48.335908,46,3208.302515
394.466059,800,3214.372665
211.277103,352,3224.576413
7.169509,72,3225.119375
28.149269,124,3226.052777
94.385043,367,3228.849964
436.36592,583,3233.181361
56.980764,76,3233.737759
12.780241,67,3234.230619
14.569001,63,3234.710132
54.217711,100,3235.459266
684.954652,800,3248.918244
-1.486889,84,3249.558772
-20.308057,69,3250.094803
738.890368,800,3256.112756
-32.860303,72,3256.662788
184.742247,363,3259.429
99.524832,149,3260.534968
52.091455,156,3261.724335
62.674709,306,3271.287418
737.357822,800,3277.286318
87.37201,125,3278.242304
501.320749,800,3284.326315
28.213709,120,3285.216836
46.954651,96,3293.259445
16.188139,67,3293.752501
383.557931,800,3299.763457
154.95205,363,3302.459167
205.067347,432,3305.712188
247.858012,467,3316.482094
26.380037,450,3319.848225
72.451696,282,3321.976528
-6.387252,85,3322.61524
52.4269,85,3323.265568
-9.321488,70,3323.793169
107.469746,338,3326.328142
631.780759,800,3339.878287
206.991945,335,3342.654835
198.934318,311,3345.012658
130.291376,315,3347.375594
602.352029,800,3353.468457
234.989584,310,3363.278122
428.18771,515,3367.296212
-30.559646,72,3367.834071
52.211813,94,3368.539285
32.728707,155,3369.73195
22.78892,186,3371.156482
227.986908,437,3374.450673
-56.804869,67,3374.950139
2.056726,98,3375.687023
32.133345,106,3376.489673
742.432823,800,3389.959475
33.141765,159,3391.156097
484.053502,800,3397.118617
113.427335,193,3398.532743
45.130114,73,3399.072458
206.910177,340,3409.008218
439.429749,800,3415.135457
737.364939,800,3421.179401
167.758307,800,3434.631998
65.165481,206,3436.173603
267.545135,493,3439.873185
529.883396,800,3453.123621
719.366804,800,3459.227214
63.515403,204,3460.822672
1.557069,74,3461.40684
469.540104,800,3467.551857
-13.618076,114,3468.466145
43.594141,210,3477.467336
750.239724,800,3483.541798
271.412901,515,3487.447874
-31.989591,71,3487.980077
-1.459547,62,3488.453911
49.845309,76,3489.04404
12.342986,63,3489.551559
5.807405,79,3490.161629
126.331879,403,3500.586876
33.821487,110,3501.397382
-28.967826,77,3501.968599
277.787674,424,3505.137428
409.208948,800,3511.107822
-56.969409,299,3513.465856
68.294665,80,3514.102637
126.178241,206,3522.995129
183.507947,327,3525.43551
14.695341,74,3525.98505
303.858709,348,3528.581133
689.563617,800,3534.565748
57.662565,82,3535.18218
64.417292,91,3535.862116
474.303434,626,3548.108121
19.373326,242,3549.883615
214.94702,636,3554.593683
51.682524,76,3555.174915
9.413614,65,3555.671433
12.26118,100,3556.488707
285.810178,390,3559.398365
61.417943,168,3568.059847
22.829741,181,3569.43574
180.587113,256,3571.31769
176.432846,324,3573.720423
-9.978158,273,3575.745472
712.506206,800,3581.728393
748.892922,800,3595.795872
247.624637,396,3598.787362
-10.195645,70,3599.335581
92.539026,301,3601.590495
380.017179,681,3614.096945
599.797708,800,3620.247817
142.424556,173,3621.510223
152.625252,640,3626.287878
-12.268924,76,3626.835441
4.817347,132,3627.830742
-12.710079,57,3628.266863
321.896251,448,3638.89401
78.144719,110,3639.696566
184.615116,370,3642.463116
706.057239,800,3648.470082
61.752457,105,3649.266779
468.559732,800,3662.683673
194.042926,800,3668.666385
723.500718,800,3682.610224
14.12132,65,3683.103865
86.59034,142,3684.183527
0.211836,97,3684.901389
52.063664,87,3685.533114
110.162604,176,3686.823267
52.339713,75,3687.377431
598.029251,800,3693.331429
160.76636,349,3695.961534
-12.012817,142,3697.04761
707.681902,800,3710.360157
714.872505,800,3716.361771
1.608708,65,3716.84603
100.472265,121,3717.788655
251.569746,800,3731.224467
20.84859,142,3732.401253
715.206734,800,3738.45791
-9.529005,65,3738.945652
71.823359,111,3739.779822
711.470744,800,3753.342638
48.029481,81,3753.939525
567.699792,727,3759.378283
558.693577,800,3765.333751
569.531576,800,3778.729472
704.0303,800,3784.745589
1.151248,63,3785.233115
37.114325,76,3785.830037
407.061287,646,3798.200829
299.602582,558,3802.382972
10.972898,208,3803.984395
679.898046,800,3810.00871
3.676214,93,3810.738951
135.719469,165,3819.438267
112.303795,269,3821.506303
398.815608,716,3827.108475
198.349794,276,3829.293948
506.21565,683,3834.691152
22.041806,72,3835.242712
505.897848,678,3847.977251
48.206765,129,3849.004743
25.703981,81,3849.643923
-157.912835,121,3850.584812
700.023087,800,3856.585309
678.173345,800,3869.911291
224.112751,505,3873.73789
595.628258,800,3879.693666
115.04134,800,3893.076642
3.60032,66,3893.555297
25.509658,308,3895.897172
55.521953,191,3897.374521
156.820364,166,3898.696077
206.800153,324,3901.201843
354.788311,535,3912.640149
166.257845,699,3918.03008
-1239.214214,800,3924.355133
572.012901,800,3937.920578
34.352415,218,3939.639185
618.900229,800,3945.831712
0.457779,74,3946.384633
242.340002,457,3949.945247
718.026418,800,3963.639033
47.065489,99,3964.44473
140.980455,800,3970.623954
255.470572,668,3983.437286
739.814976,800,3989.608255
-1271.702763,800,3996.035267
225.68434,327,4005.938464
82.681812,134,4006.967616
224.705022,342,4009.615435
3.361417,60,4010.056855
659.206622,800,4016.26293
57.458281,60,4016.723052
-10.782077,59,4017.204335
227.465006,253,4019.214535
-0.94182,63,4019.726846
51.9171,70,4020.264303
723.025875,800,4033.680966
197.048641,407,4036.795542
14.987258,53,4037.217116
258.755744,480,4041.143084
30.272009,162,4042.474066
739.127488,800,4056.043791
16.131752,66,4056.570543
-17.03735,57,4057.018963
167.318919,616,4061.970341
-76.97974,94,4062.731471
567.530338,800,4076.287755
360.736963,506,4080.348111
705.250951,800,4086.618652
14.025581,177,4087.968141
-42.110763,66,4088.460437
156.768016,209,4090.053517
18.970019,146,4091.171209
66.010075,66,4099.143761
324.432197,800,4105.173679
114.186857,121,4106.075367
4.516271,74,4106.628666
63.55445,81,4107.236336
173.717449,344,4109.839503
16.818521,462,4113.427801
6.945173,60,4113.930117
725.390352,800,4127.531401
-56.35378,138,4128.612927
71.58127,123,4129.579466
676.242415,800,4135.606791
206.28687,502,4146.997862
160.940862,400,4149.980396
61.039221,800,4155.98604
386.446972,476,4159.601448
229.889635,800,4173.049195
2.33403,76,4173.720922
483.028413,800,4179.920198
232.8877,373,4182.851151
-7.380984,75,4183.419041
306.453188,508,4194.669497
-2.850946,66,4195.19719
169.937767,279,4197.315921
615.316287,800,4203.417954
742.3632,800,4216.655187
5.844377,82,4217.257617
3.01759,71,4217.771769
720.109757,800,4223.708142
584.300355,800,4237.354188
93.117837,93,4238.045412
45.849544,228,4239.760849
136.431023,313,4242.053715
-23.545129,145,4243.23
75.637624,86,4243.914955
51.337403,90,4244.680836
755.257671,800,4250.74206
96.692833,119,4251.63779
40.895454,107,4252.460715
28.646903,217,4261.493958
67.047161,190,4262.920373
15.522553,152,4264.082429
4.715776,96,4264.780517
670.213963,800,4270.724258
-9.102805,84,4271.353331
12.914267,118,4272.241291
-69.686053,96,4272.960313
46.083476,467,4283.904929
112.163933,145,4285.006503
204.101723,800,4291.054892
722.5642,800,4297.057703
54.231691,54,4297.464524
54.452521,84,4305.472218
649.206474,800,4311.442614
664.655611,800,4317.439704
-19.71591,85,4318.097516
741.508185,800,4331.688467
273.698827,491,4335.404886
729.653105,800,4341.319513
9.035252,116,4342.210596
97.408392,168,4343.498461
88.653235,255,4352.551841
58.616742,95,4353.334394
15.161388,800,4359.415315
45.790717,126,4360.37445
415.086422,800,4366.423862
24.388369,90,4374.544536
326.795194,800,4380.597836
1.982464,132,4381.601223
245.181314,407,4384.650271
130.441844,147,4385.764752
198.882007,800,4399.324001
732.971425,800,4405.408325
680.145883,800,4411.444116
675.913142,800,4424.833238
707.993484,800,4430.750025
426.429137,696,4443.549678
718.390287,800,4449.840192
728.363259,800,4455.927779
294.566327,430,4466.518389
112.546201,134,4467.493063
134.300284,335,4469.954046
663.085624,800,4475.872765
718.460527,800,4489.306052
641.043882,800,4495.233081
692.324071,800,4501.298383
230.331991,332,4511.127786
736.713328,800,4517.135783
391.162311,800,4523.202213
312.855892,548,4534.676567
216.767533,395,4537.63459
307.431126,496,4541.352411
269.750283,800,4547.472189
72.896517,95,4548.197103
214.248305,458,4558.882432
299.521181,800,4564.817424
66.674799,102,4565.5924
737.328993,800,4571.572652
698.115722,800,4585.205003
213.28622,475,4588.730554
119.720066,548,4592.738075
51.620078,84,4593.36608
231.592964,330,4603.15392
225.863036,598,4607.675084
738.779287,800,4613.704782
689.510563,800,4627.139262
-216.777663,475,4630.851099
698.147601,800,4636.953457
734.122031,800,4650.541538
67.983416,115,4651.374267
409.051671,587,4655.781113
723.326506,800,4661.768178
689.651494,800,4675.195375
573.975339,800,4681.168129
736.673927,800,4694.473572
228.77959,275,4696.537297
88.015973,248,4698.329197
583.669454,727,4703.791888
77.513934,118,4704.678468
752.219598,800,4717.958688
89.947028,274,4720.000919
612.616038,800,4725.895945
746.173948,800,4739.116193
162.011867,187,4740.521712
756.718914,800,4746.77244
82.072955,123,4747.732059
45.492539,144,4748.866327
727.339665,800,4762.235879
163.361644,256,4764.102931
718.420134,800,4770.022826
739.874933,800,4776.061337
763.894639,800,4789.345184
768.916731,800,4795.330999
721.399292,800,4808.686148
262.259232,298,4810.924971
230.160427,320,4813.292481
193.362292,386,4816.159645
413.280988,732,4821.63661
750.440418,800,4835.079721
49.438839,241,4836.842903
739.048184,800,4842.80939
73.173047,127,4843.737575
186.381076,327,4853.490225
738.45347,800,4859.433858
769.455068,800,4865.500602
357.558388,800,4878.972512
142.623699,800,4884.959334
751.053296,800,4898.441803
107.581604,286,4900.522262
-17.331777,62,4900.962952
-49.359026,158,4902.131811
-19.131645,57,4902.548182
745.102858,800,4908.428873
695.535723,800,4921.638559
655.463973,800,4927.645623
605.882253,715,4933.085224
15.133747,102,4933.836762
31.426683,266,4943.07877
726.617867,800,4948.965028
127.727687,140,4949.983599
739.315314,800,4955.956264
112.240996,190,4957.39968
73.938589,94,4965.424542
709.564806,800,4971.372568
-5.536571,171,4972.676972
646.366569,800,4978.590585
706.667803,800,4991.943681
350.797833,482,4995.539012
-43.632828,213,4997.131274
721.975161,800,5003.064148
695.320184,800,5016.47221
394.112773,575,5020.779435
79.562276,631,5026.010413
201.041263,374,5037.159483
16.304688,94,5038.016742
699.495896,800,5044.940116
689.404095,800,5051.76564
-994.288962,800,5066.832576
214.46365,293,5069.320257
477.390525,737,5075.556808
713.990084,800,5089.621597
-21.821456,62,5090.13757
-101.72685,96,5090.933826
515.768702,800,5097.624325
692.30757,800,5111.694348
52.381691,101,5112.575463
39.010748,489,5116.515211
-36.838386,158,5117.819508
267.498146,461,5121.610729
262.307406,710,5134.716012
141.244905,246,5136.683951
402.655941,521,5140.828336
773.556818,800,5147.461383
7.590445,116,5148.372218
581.037337,800,5162.235487
651.476498,800,5168.719058
-4.650484,73,5169.305925
746.694853,800,5183.701021
47.691632,78,5184.349562
601.770461,800,5190.786784
100.741914,800,5197.019578
750.420877,800,5210.369819
758.480971,800,5216.641121
744.422072,800,5230.448968
76.082154,800,5236.446054
563.531677,604,5241.068822
711.085006,800,5254.487316
715.959615,800,5260.602583
762.397871,800,5266.61985
741.861179,800,5280.096102
250.887913,436,5283.286365
157.021236,339,5285.876222
302.467467,800,5299.248286
763.275618,800,5305.281435
13.20615,135,5306.32305
32.689383,56,5306.754856
295.259387,800,5312.83224
-466.987738,800,5326.395878
739.75828,800,5332.528287
751.039619,800,5346.280646
746.77908,800,5352.196138
88.463793,115,5353.05101
245.122416,305,5355.335986
312.225418,800,5368.489379
717.81681,800,5374.375544
4.894321,124,5375.298918
741.064568,800,5381.219087
33.89363,200,5390.140543
452.266892,558,5394.301453
726.321981,800,5400.240409
7.988723,69,5400.754612
743.795767,800,5414.025087
136.406276,383,5416.880111
129.314712,433,5420.056335
99.864507,119,5420.943222
49.250454,88,5421.623881
59.302731,84,5422.261676
173.593178,340,5424.793925
20.250363,50,5425.15537
688.372618,800,5438.366355
44.985988,93,5439.039655
-11.477944,60,5439.479347
697.134838,800,5445.382583
20.967961,51,5445.767679
730.748185,800,5459.070807
208.136599,309,5461.429205
544.526358,800,5467.466454
475.618316,656,5479.946469
48.165785,91,5480.608778
248.299954,339,5483.117226
18.001363,64,5483.567121
703.743736,800,5489.426015
713.475117,800,5502.524399
380.23782,800,5508.40874
450.967739,800,5514.301809
325.331733,434,5525.041071
194.295375,250,5526.907515
57.410783,71,5527.4599
-13.168285,71,5527.9998
714.45355,800,5533.98521
24.924085,139,5535.054538
659.606061,800,5548.916068
687.29338,800,5555.192107
120.238691,136,5556.301689
518.630482,800,5562.773803
273.726169,639,5575.325752
209.459115,368,5578.271883
717.716173,800,5584.481788
8.091517,98,5585.238974
712.358534,800,5598.887775
48.060178,108,5599.750597
221.266547,377,5602.827535
768.728244,800,5609.458308
160.923256,592,5621.431393
700.775221,800,5627.915599
-16.189892,62,5628.440612
715.852683,800,5634.804435
42.773927,162,5643.67419
59.836635,94,5644.385567
698.268175,800,5650.583308
715.129241,800,5656.79787
231.06702,272,5666.329605
-21.045166,571,5670.792902
721.525994,800,5676.971434
691.214773,800,5690.759794
128.700271,574,5695.277933
286.400611,800,5701.356091
537.17347,800,5715.200514
647.879985,800,5721.297181
420.587907,800,5727.31787
59.756087,69,5727.844311
181.004534,524,5739.199819
-1.380822,130,5740.216532
136.806208,431,5743.440493
703.7071,800,5749.340846
553.000815,800,5762.656178
653.184555,800,5768.650146
457.181954,800,5782.191158
5.628641,62,5782.676124
712.342915,800,5788.705144
205.212848,800,5794.754957
31.80371,109,5795.597109
677.626802,800,5808.970666
17.558291,78,5809.565713
605.000836,800,5815.436983
124.543306,292,5817.575249
244.641705,800,5830.778261
167.019301,800,5836.732533
122.397563,277,5838.97019
513.413917,800,5852.819063
672.568933,800,5859.287038
592.484082,800,5865.973978
22.113277,312,5875.829281
197.562872,320,5878.470669
687.557793,800,5885.04412
345.907771,479,5889.034945
700.465978,800,5902.975554
693.84323,800,5909.598431
339.523173,668,5915.234673
391.275346,536,5926.945354
230.996951,369,5929.972071
678.006583,800,5936.57868
32.735468,92,5937.317674
-22.440873,61,5937.808202
142.187613,800,5952.330938
494.942379,800,5959.084473
753.040535,800,5973.096797
47.644784,51,5973.481814
337.505292,800,5980.073575
500.762095,800,5986.436835
716.916103,800,5999.97366
70.454277,108,6000.854961
11.178262,61,6001.349615
483.348975,800,6007.938393
723.181455,800,6021.573515
470.968146,800,6027.76096
30.596843,97,6028.505052
64.479123,109,6029.327236
25.630504,157,6030.532898
138.225746,464,6034.136117
277.092664,800,6047.528518
700.930755,800,6053.922617
154.693575,800,6067.600967
299.012322,800,6073.653024
570.806095,800,6079.731517
510.37671,800,6093.100966
684.053563,800,6099.049626
707.70614,800,6112.267711
181.193436,300,6114.55707
331.174799,424,6117.771562
57.18529,274,6119.742791
380.904607,623,6124.648056
452.045059,608,6136.724177
4.843684,108,6137.538968
54.267029,83,6138.146808
199.296983,356,6140.796286
304.913775,473,6144.327063
690.330254,800,6157.702031
40.986347,274,6159.772296
605.353616,800,6165.941213
579.245403,800,6171.906233
-18.009315,151,6180.412995
74.206735,148,6181.523075
736.560051,800,6187.465614
206.750924,363,6190.194831
543.063869,800,6203.686762
498.802128,800,6209.749418
245.177419,549,6213.827885
188.327495,441,6217.026447
206.343978,758,6230.079647
228.070748,394,6233.116083
63.11724,64,6233.582569
289.769391,433,6236.696558
730.324476,800,6250.119418
676.170219,800,6256.234403
455.456906,637,6261.18262
235.697324,345,6263.760508
47.047015,63,6271.519774
727.841784,800,6277.648466
295.396978,464,6281.141903
32.586275,45,6281.493141
441.681713,624,6286.221088
646.631611,800,6299.554046
87.512552,300,6302.008765
4.240123,712,6307.395477
121.892918,169,6308.607879
553.373295,800,6321.996688
268.43007,442,6325.424424
56.658291,69,6325.944995
518.453476,800,6331.8352
33.808002,368,6341.843192
727.208368,800,6347.879004
672.662645,800,6354.047055
705.917692,800,6367.47019
433.629394,525,6371.343208
47.374021,75,6371.895536
-377.682242,311,6374.212673
14.857491,143,6375.327365
194.050467,800,6388.707196
61.087357,115,6389.561806
80.892679,103,6390.31409
580.769949,800,6396.333683
180.384796,308,6398.602132
711.357237,800,6412.030864
136.495592,254,6413.883724
158.270905,333,6416.391108
722.100687,800,6422.388843
196.797862,260,6431.745289
169.945315,335,6434.215702
215.967925,322,6436.660203
45.029132,102,6437.447707
264.599893,385,6440.394929
716.941534,800,6453.630903
381.958799,598,6458.063765
213.920162,560,6462.138086
224.632593,714,6467.640404
760.019144,800,6480.933834
766.752448,800,6486.991136
282.023751,800,6500.414687
315.363434,424,6503.625591
136.088753,181,6504.957631
223.103473,449,6508.289043
261.200101,296,6510.53872
-18.955191,72,6511.081513
755.351037,800,6524.304651
-0.342269,68,6524.832801
232.709041,274,6526.849592
238.047457,389,6529.929998
733.232916,800,6535.979001
289.707298,516,6547.61616
678.976099,800,6553.664746
65.05907,107,6554.46895
769.520073,800,6567.807525
720.192872,800,6573.738673
558.860986,800,6579.909814
244.611433,329,6582.349623
719.874734,800,6595.666188
87.264153,110,6596.496454
763.366664,800,6602.584356
192.407114,800,6616.163821
626.32149,800,6622.158077
155.314358,214,6623.755158
-523.932957,800,6637.27835
109.921754,124,6638.236284
757.616197,800,6644.325248
757.009869,800,6650.463642
597.796953,800,6664.014458
-1207.447622,800,6670.171374
724.127631,800,6683.629494
72.300809,380,6686.513362
388.019201,800,6692.592827
59.12347,67,6693.119666
240.820861,337,6695.654538
127.569871,639,6707.843317
113.468455,800,6713.867691
63.134219,101,6714.613373
112.726444,205,6716.085103
82.110076,87,6716.732578
176.839839,370,6719.4813
742.373856,800,6732.765276
734.90553,800,6738.834562
744.220164,800,6752.064355
329.838348,800,6757.970325
11.351162,80,6758.562099
750.630204,800,6764.522005
769.990731,800,6777.961779
752.47615,800,6783.846439
105.032178,122,6784.745095
470.254415,800,6798.034951
265.311674,634,6802.83214
127.502875,540,6806.977285
762.787321,800,6820.204576
777.340112,800,6826.085631
14.883152,61,6826.538379
572.734806,800,6832.506444
664.434455,800,6845.99902
52.821981,75,6846.583892
-14.354755,205,6848.165165
67.579735,135,6849.139597
724.909254,800,6855.111959
758.648439,800,6868.599831
126.604816,345,6871.207391
250.607998,526,6875.200058
40.482918,92,6875.894132
744.865999,800,6889.206581
65.021663,105,6889.993261
739.016227,800,6895.973761
628.908975,800,6902.06685
402.648608,586,6913.769584
341.602817,750,6919.395324
127.84217,147,6920.63079
213.814109,800,6934.147371
604.696354,800,6940.137291
110.84826,428,6943.249355
604.542923,682,6957.709471
637.15838,800,6963.732066
50.456424,373,6966.485552
97.261253,114,6967.346309
772.419189,800,6981.038137
741.530607,800,6986.912497
190.36592,307,6989.232507
766.602735,800,6995.226925
382.146784,498,7006.20661
725.979573,800,7012.149238
600.635382,800,7025.728621
751.193752,800,7031.761122
-545.89466,800,7038.049101
718.301276,800,7051.244707
725.858604,800,7057.285348
752.867314,800,7063.281746
762.119533,800,7076.476532
225.251203,345,7079.003393
-9.127269,166,7080.227243
761.917993,800,7093.479008
-59.852694,100,7094.231422
353.264939,474,7097.769716
113.339552,191,7099.145897
753.451544,800,7105.175374
413.303083,484,7116.264412
751.543984,800,7122.396344
747.183125,800,7128.379448
712.069598,800,7141.786798
767.626368,800,7147.762511
107.331861,214,7149.37514
532.14463,800,7162.657339
124.624077,555,7166.905295
219.584303,242,7168.707762
72.027067,286,7170.766669
735.702945,800,7176.643068
579.965201,800,7189.973488
694.570752,800,7195.994697
743.084506,800,7209.560386
753.650339,800,7215.615983
26.389637,437,7218.813525
13.308701,81,7219.39323
757.895167,800,7232.73957
130.978534,215,7234.375314
214.211845,800,7240.367162
247.41765,381,7243.203086
140.454263,156,7244.359737
730.073216,800,7257.596296
774.576369,800,7263.667091
447.306249,800,7277.27581
736.16044,800,7283.277995
704.125408,800,7289.411668
742.918739,800,7302.638907
18.093872,70,7303.156498
600.953916,800,7309.293578
762.629204,800,7322.684855
16.49547,155,7323.843979
96.109706,275,7325.963799
186.645152,800,7331.940531
208.88276,800,7345.390949
745.266231,800,7351.397265
414.936568,695,7356.585496
566.944794,800,7369.731923
732.567808,800,7375.711464
759.721115,800,7381.629579
24.343618,90,7389.737462
579.662929,800,7395.822605
111.353082,220,7397.513177
728.334087,800,7403.505151
293.031194,800,7417.159742
229.804795,281,7419.224083
720.514749,800,7425.259287
23.347432,189,7426.732288
695.448732,800,7440.256062
-190.621486,800,7446.337623
757.834025,800,7459.850899
420.636887,800,7465.771003
499.076186,800,7471.659766
77.199737,103,7472.42221
191.694584,222,7481.363487
706.122788,800,7487.365498
33.134158,122,7488.274842
168.365029,296,7490.452647
499.704097,800,7503.88988
383.364829,638,7508.712321
598.081977,800,7514.739453
51.327305,70,7515.264969
584.443479,800,7528.545799
277.457078,703,7533.813329
342.462394,501,7537.54505
310.547891,800,7550.892238
480.990192,800,7556.789519
750.491633,800,7562.776579
59.452601,97,7563.526215
775.391385,800,7576.859485
741.08445,800,7582.836048
228.128273,453,7586.244363
-20.65608,63,7594.026347
41.537418,50,7594.393985
669.217143,800,7600.520775
115.304765,297,7602.661691
754.432245,800,7608.627872
325.646774,710,7621.279426
667.66036,800,7627.374856
599.541238,800,7640.930489
713.261061,800,7646.875792
242.236769,282,7648.932454
5.41399,126,7649.892757
2.495064,143,7651.002339
272.668464,288,7653.310358
302.797798,800,7666.763242
157.380803,733,7672.255165
55.141935,91,7672.935021
747.891701,800,7686.377993
629.335741,800,7692.510039
196.34315,335,7694.946043
760.758528,800,7708.181996
635.845357,800,7714.079561
68.737102,117,7714.953758
311.426119,525,7718.935459
739.527853,800,7732.457373
421.163074,800,7738.377143
293.839626,800,7744.289567
733.951815,800,7757.664381
704.152355,800,7763.741152
758.167938,800,7777.301538
723.920613,800,7783.390096
575.633178,800,7789.465862
418.078026,800,7802.980562
728.402851,800,7809.327494
264.379294,388,7812.313872
102.70352,231,7814.059999
740.129757,800,7827.531302
228.893106,387,7830.49029
25.241719,53,7830.885344
211.303289,220,7832.53124
-10.511218,133,7833.518036
761.983115,800,7846.889791
0.375363,69,7847.428842
631.101839,800,7853.649617
463.49373,800,7859.875259
173.103967,521,7871.934972
37.420285,65,7872.429329
43.619419,56,7872.838747
551.246817,800,7879.059225
242.920607,800,7892.512452
737.714816,800,7898.818972
763.772171,800,7904.76795
373.438919,516,7916.06123
659.65637,800,7922.045468
-1.327986,65,7922.538211
766.291531,800,7928.593815
758.553561,800,7941.921628
94.834389,126,7942.905274
763.609338,800,7948.932186
727.216515,800,7962.205806
732.504111,800,7968.318897
656.387408,800,7974.306167
780.356338,800,7988.150077
55.226802,74,7988.697245
592.251903,800,7994.670768
770.690897,800,8008.136624
744.679193,800,8014.702434
674.300259,800,8021.070983
87.146747,324,8030.860374
759.693804,800,8036.942121
56.3476,52,8037.33237
619.80406,800,8043.413415
773.930444,800,8057.111688
660.735812,800,8063.48503
60.655684,227,8065.263765
642.975594,800,8078.840786
731.345702,800,8084.993709
65.274946,65,8085.484129
739.62067,800,8091.644
739.753325,800,8105.319163
322.654267,599,8109.945836
37.832486,79,8110.542548
712.418781,800,8124.259795
34.797246,75,8124.862369
328.421541,448,8128.446812
727.822966,800,8134.556261
768.166306,800,8147.859583
732.141508,800,8153.936265
740.899361,800,8159.965703
20.195299,84,8160.590636
731.462686,800,8174.022735
629.709533,800,8180.142853
50.727448,77,8180.715186
193.004158,223,8182.38199
693.217314,800,8195.825549
41.562983,96,8196.558453
144.807703,800,8202.465272
661.219307,800,8215.877075
418.543246,774,8221.56879
671.798466,800,8227.788727
740.855845,800,8241.133281
234.974414,432,8244.329053
170.495327,800,8250.265794
401.431106,800,8263.429217
170.953109,570,8267.745152
197.475952,800,8273.658951
694.716687,800,8287.104681
742.214143,800,8293.09018
152.245525,252,8294.938216
174.910613,436,8298.464805
326.612194,493,8309.403388
-1.618358,68,8309.917442
3.182451,57,8310.357354
207.638205,350,8312.953853
107.512048,137,8313.977274
-163.433966,388,8316.899005
87.460039,271,8318.98955
713.810376,800,8332.391444
721.875695,800,8338.475412
667.404306,800,8352.07985
-106.981218,800,8358.182438
749.10797,800,8364.249398
-760.578058,388,8367.261096
210.848713,363,8377.405373
-357.362557,800,8383.65897
629.788902,800,8389.667004
723.788221,800,8403.475443
422.759353,800,8409.540697
713.868804,800,8422.875984
367.267676,724,8428.356104
757.613907,800,8434.347781
532.766816,644,8446.556432
195.424746,349,8449.153702
48.932177,62,8449.621987
682.31619,800,8455.636982
-5.123623,72,8456.210138
772.799207,800,8469.774701
526.118881,612,8474.342957
741.84569,800,8480.426756
754.429151,800,8493.721589
699.075556,800,8499.713676
760.781305,800,8513.267321
725.803884,800,8519.545088
717.723691,800,8525.770155
257.54994,374,8536.012872
189.563022,306,8538.333434
729.347597,800,8544.505655
570.996234,800,8550.825132
734.210306,800,8564.514863
744.578422,800,8570.637452
764.487709,800,8583.921686
30.435046,88,8584.565355
777.239013,800,8590.79691
386.243672,800,8597.019868
412.247309,735,8609.97151
129.441863,800,8616.127703
745.227794,800,8629.737862
9.677893,104,8630.516185
-53.057357,493,8634.4571
21.421605,81,8635.106134
381.748792,599,8639.679955
219.986037,248,8641.524779
740.957519,800,8655.120934
-657.212578,800,8661.205978
-21.682558,65,8661.731537
541.956568,800,8675.078698
-103.714807,70,8675.612581
756.422616,800,8681.498176
701.167203,800,8687.483146
768.974427,800,8700.834368
2.173376,124,8701.794003
741.233494,800,8707.804728
-616.022855,800,8721.214419
352.046403,387,8724.130097
766.049451,800,8730.249871
58.562909,108,8731.065072
295.727318,327,8733.535011
772.207166,800,8746.929437
369.125144,800,8753.009372
727.236771,800,8766.958436
766.37279,800,8772.906273
764.037026,800,8779.076084
613.642695,800,8792.453638
252.211766,355,8795.134374
619.832862,800,8801.062294
736.46936,800,8814.378491
741.098508,800,8820.605394
414.215049,800,8826.527305
280.466149,472,8837.305001
160.708676,800,8843.318787
48.090738,79,8843.944241
-443.200889,800,8850.093659
761.77031,800,8863.42238
700.204537,800,8869.541302
189.914797,502,8880.642729
77.698234,99,8881.380108
279.460006,590,8885.837483
237.280846,326,8888.274553
294.993929,400,8891.219181
756.250283,800,8904.517175
509.542225,800,8910.430599
22.432899,73,8910.974082
771.453754,800,8916.94247
66.254287,101,8917.681983
665.663749,800,8931.033584
47.19148,65,8931.527343
284.414553,705,8936.880519
187.162785,800,8950.556461
669.13676,800,8956.63866
71.85535,110,8957.477616
42.707491,80,8958.039152
491.207626,607,8962.568882
647.87918,800,8975.831878
305.813541,800,8981.845146
739.938493,800,8995.308574
-957.405554,800,9001.285532
165.194847,237,9003.057433
741.798685,800,9008.923493
456.018774,566,9020.358348
716.46194,800,9026.464184
342.336549,800,9040.00645
782.187391,800,9046.080437
473.546833,800,9052.097786
-630.04371,800,9065.428982
202.222025,624,9070.017156
703.647087,800,9076.088669
766.137474,800,9089.324377
-1.830903,152,9090.520524
165.669217,436,9093.77912
766.807474,800,9099.753368
731.723826,800,9113.034108
150.639593,273,9115.121922
16.674678,94,9115.852324
-1294.001006,800,9121.798031
186.858819,201,9130.661602
10.938726,57,9131.092685
332.208839,800,9137.119537
758.163036,800,9143.119215
85.28204,287,9145.274123
-2.079599,87,9153.237029
218.703983,372,9156.038498
771.20129,800,9161.972144
648.02149,800,9168.019198
8.174184,65,9175.77953
63.211806,194,9177.199318
-5.997858,66,9177.703092
38.065228,221,9179.411956
161.201101,464,9182.853833
315.397398,352,9185.480408
-36.379617,630,9190.193364
220.124003,337,9200.148942
717.799264,800,9206.104847
115.509743,143,9207.185194
14.676855,73,9207.736647
291.777531,800,9221.106901
734.341577,800,9227.195208
530.77215,800,9233.21237
-239.709958,235,9234.994828
706.497526,800,9248.292743
225.463778,800,9254.390168
226.002302,800,9267.732938
726.165886,800,9273.83918
173.307046,213,9275.469676
718.820297,800,9281.432473
199.809459,800,9294.962907
257.204997,638,9299.690814
53.577954,64,9300.164692
196.375986,334,9302.638341
642.295994,800,9316.029017
39.622591,96,9316.7491
704.576333,800,9322.937629
750.961017,800,9336.292095
578.649573,652,9341.191098
68.934351,85,9341.831935
747.5784,800,9347.852211
185.198882,306,9350.181351
527.781974,800,9363.655917
36.616236,69,9364.188641
338.169308,800,9370.225079
406.369646,479,9381.506919
729.363868,800,9387.576713
729.844528,800,9393.518686
471.685849,800,9406.709207
759.920267,800,9412.790025
779.516094,800,9418.708606
257.76314,800,9432.052033
708.738515,800,9437.902406
80.198318,94,9438.602226
747.374676,800,9452.069874
716.398209,800,9458.073808
-6.790892,800,9464.080269
22.110035,82,9472.085018
743.0827,800,9478.074277
750.045133,800,9483.978199
728.32863,800,9497.312868
-51.955248,800,9503.341922
719.440794,800,9509.302867
372.027215,672,9521.564403
45.20395,73,9522.108938
580.80107,800,9528.042682
225.845398,251,9529.855897
595.018146,800,9543.078564
-1.992275,110,9543.940244
755.067961,800,9549.865211
780.269771,800,9563.199135
299.667421,405,9566.190234
-2.474655,79,9566.806864
207.03505,800,9572.751375
521.387454,615,9577.348604
781.207271,800,9590.493616
301.83603,422,9593.5951
524.805174,575,9597.877388
121.710726,800,9611.349003
292.956265,713,9616.986131
642.009812,800,9623.049664
511.496395,800,9636.442063
747.575227,800,9642.397306
756.924537,800,9655.667406
328.74823,483,9659.266022
218.118687,252,9661.296618
36.740165,65,9661.849573
775.682734,800,9667.955926
205.104233,340,9678.073481
407.44084,800,9684.255298
14.133172,245,9686.169499
741.522715,800,9699.605957
739.186124,800,9705.689597
757.243925,800,9711.692947
199.63793,242,9713.556463
58.678758,103,9714.345141
98.579351,135,9722.985669
24.314187,96,9723.731132
107.525457,346,9726.338267
229.845939,273,9728.383055
775.817228,800,9734.554574
-10.672023,188,9735.997723
761.484917,800,9749.305453
360.060693,776,9755.114088
346.961794,608,9759.683886
59.37881,300,9769.427596
720.689368,800,9775.519706
517.671293,800,9781.479776
749.495528,800,9794.810731
-15.907278,62,9795.281428
764.637987,800,9801.233577
302.414458,338,9803.727139
148.306483,235,9805.465823
555.3377,800,9818.810757
232.743108,247,9820.668934
57.586574,82,9821.284504
57.171916,69,9821.796186
442.941241,550,9826.219772
775.464945,800,9839.639953
66.836788,97,9840.405254
664.728989,800,9846.534292
771.608007,800,9860.083756
65.668208,84,9860.705304
36.34386,107,9861.524383
97.06769,126,9862.51529
62.252695,86,9863.161407
8.122619,98,9863.913027
741.574374,800,9869.949008
35.003802,80,9870.555954
335.921603,465,9874.095348
753.201053,800,9887.474068
570.228039,800,9893.588416
570.466256,800,9907.077874
240.314122,300,9909.292792
-132.751117,68,9909.8056
498.556671,800,9915.886732
93.775934,92,9916.577538
79.939989,120,9917.485536
174.388915,199,9918.999798
776.621596,800,9932.429636
142.078972,278,9934.467215
64.576335,409,9937.523801
746.338188,800,9943.581195
437.043408,606,9955.471459
580.512707,800,9961.319525
763.735155,800,9974.546874
492.171399,603,9979.083546
-0.016726,111,9979.917175
176.469707,270,9981.957379
751.162243,800,9988.085865
743.804964,800,10001.260766
635.90217,800,10007.437549
493.773825,800,10020.972471
773.980301,800,10026.940042
770.910147,800,10032.92503
76.908126,96,10033.666219
28.173664,73,10034.23655
769.989953,800,10047.592413
767.96341,800,10053.698855
740.678638,800,10066.902583
676.51888,800,10072.820598
53.773912,91,10073.486333
-1292.112142,800,10079.77287
233.148134,340,10089.769795
67.004988,90,10090.448066
42.940077,61,10090.906376
251.97227,334,10093.33877
94.337474,126,10094.240536
44.094286,319,10096.587913
475.676726,800,10102.490263
365.947797,399,10113.159842
-4.901477,63,10113.637297
741.751985,800,10119.745733
38.774888,83,10120.359581
734.52882,800,10134.027634
215.092538,259,10135.980825
775.746823,800,10141.951957
354.232737,555,10146.24406
174.851717,320,10148.811527
590.724971,800,10161.957558
68.737429,92,10162.669684
32.560885,77,10163.258392
62.372932,247,10165.121497
766.009512,800,10171.225561
303.705281,400,10181.478726
690.68804,800,10187.487113
188.541594,245,10189.269702
582.726116,800,10202.569434
207.113487,252,10204.436824
406.313943,800,10210.451753
724.081812,800,10216.363189
733.086132,800,10229.668542
294.902474,800,10235.561157
27.74477,80,10236.148856
323.641256,487,10247.479756
273.560595,380,10250.379172
748.672504,800,10256.407156
45.284945,103,10257.166436
764.580617,800,10270.521096
26.804644,82,10271.130335
657.195041,800,10277.178871
-746.179806,800,10283.258831
749.874377,800,10296.505853
237.748732,355,10299.134549
214.385445,419,10302.264949
743.390387,800,10315.49095
257.397827,357,10318.199143
615.232707,800,10324.440146
34.376389,56,10324.852505
778.652979,800,10330.78197
740.922571,800,10344.090082
765.752617,800,10350.114425
49.65784,63,10350.579797
685.110081,800,10363.86724
530.696595,800,10369.998702
320.198713,424,10373.175658
685.594585,800,10386.702536
469.593754,525,10390.660544
6.666549,147,10391.735111
298.419611,386,10394.616378
399.171991,800,10407.862948
155.9556,304,10410.261183
782.226254,800,10416.48937
744.532315,800,10430.146946
126.638205,800,10436.123991
281.67607,590,10440.582556
766.860202,800,10454.160984
734.898883,800,10460.41557
759.294667,800,10466.545805
98.194244,311,10476.200132
423.681319,521,10480.096281
32.383559,208,10481.607633
751.120111,800,10487.842129
300.184659,485,10499.10325
-1165.131811,800,10505.08156
4.675991,64,10505.565663
255.602123,445,10508.937289
158.753935,350,10511.594404
-416.242588,233,10513.382789
758.436243,800,10526.625673
672.756969,800,10532.741871
242.216515,280,10534.826058
781.492034,800,10548.091436
779.456057,800,10554.287314
755.675918,800,10569.472353
341.362623,427,10572.58486
755.272393,800,10578.591233
176.323251,273,10580.648351
417.544356,586,10592.234417
215.447464,458,10595.683147
769.924489,800,10601.70631
748.295137,800,10614.969629
268.08746,328,10617.339971
74.77552,79,10617.929411
352.31737,508,10621.681664
729.32153,800,10627.950315
780.442156,800,10641.230737
62.861063,228,10642.963095
557.462678,800,10649.15545
723.593577,800,10662.809669
730.53849,800,10669.139675
755.047072,800,10675.529824
-12.233349,103,10676.34971
741.696083,800,10690.080492
214.00445,800,10696.368795
749.328631,800,10709.897307
35.465325,85,10710.559892
212.112485,391,10713.590405
159.905135,358,10716.41982
274.399703,800,10722.710301
757.978336,800,10736.103302
753.532954,800,10742.044911
88.15173,587,10753.951532
763.589518,800,10760.02289
37.808218,71,10760.585436
115.964316,800,10766.642837
127.260554,203,10768.16523
715.380196,800,10781.353877
719.124311,800,10787.375419
209.115178,308,10789.702283
343.673948,800,10802.980675
343.639977,800,10808.897973
69.354649,471,10812.397859
100.500541,212,10814.070436
-1290.772029,800,10827.354825
371.251719,590,10831.782859
753.222645,800,10845.226288
-1.094131,64,10845.68309
105.36104,800,10851.606642
305.689125,800,10857.659857
389.509281,593,10869.459093
225.04043,352,10872.095536
46.817528,145,10873.182527
290.734984,404,10876.144127
732.596087,800,10882.445703
765.664912,800,10895.635086
750.295835,800,10901.836394
762.469962,800,10915.282137
771.383493,800,10921.348176
45.98778,76,10921.938109
37.438392,192,10923.355574
414.671389,455,10926.686887
731.548841,800,10939.881839
229.596196,284,10942.020146
248.18602,316,10944.431653
753.193104,789,10950.410559
22.923161,72,10958.326916
592.399996,742,10964.073084
243.862428,261,10966.166518
70.097328,98,10966.946609
754.334792,800,10972.902617
105.220407,131,10981.171757
287.989835,588,10985.77582
640.186914,800,10991.844021
247.393047,500,10995.495254
714.995597,800,11008.823295
104.7176,109,11009.663306
458.103993,800,11015.775544
145.433069,248,11017.623909
50.462133,73,11018.191476
39.009518,316,11028.311994
188.555459,232,11030.126653
-19.589741,70,11030.6575
714.272679,800,11036.552146
23.079558,70,11037.066596
712.088363,800,11050.618308
710.638043,800,11056.530524
684.329083,800,11062.575293
650.722683,800,11076.173375
470.157582,784,11081.978832
730.370674,800,11088.280184
210.461349,368,11098.288242
10.994614,60,11098.754465
-1112.170899,800,11104.949983
607.492109,800,11110.862724
439.964179,655,11123.176279
213.088224,800,11129.256897
718.43506,800,11142.775376
206.132102,379,11145.627794
580.0512,800,11151.817354
178.016757,279,11153.855254
714.484059,800,11167.256522
149.309813,230,11168.958506
723.318552,800,11175.021369
717.105236,800,11210.084714
39.665236,46,11210.424426
122.236289,122,11211.361323
280.740755,402,11214.421396
230.875508,800,11220.448619
754.56201,800,11233.833441
245.727285,361,11236.495078
60.255079,65,11236.985278
58.41211,204,11238.497646
397.300466,485,11242.188095
93.143715,148,11243.267832
225.200803,319,11245.595802
51.054643,57,11246.027913
132.43973,235,11255.231281
762.883082,800,11261.153319
155.54534,800,11267.190662
88.673924,556,11278.685344
36.873139,44,11279.004487
237.38082,397,11281.847894
36.693279,43,11282.171687
662.672324,800,11288.200531
73.204554,113,11289.101484
519.204122,800,11302.476261
114.703481,118,11303.360213
257.546469,343,11305.879569
296.299701,420,11308.955958
357.207766,464,11312.383126
-8.532106,65,11312.870558
330.116059,444,11323.508619
63.452533,62,11324.003203
764.214617,800,11330.064662
586.536718,749,11335.615605
234.829428,294,11345.168391
62.868703,77,11345.73137
746.407555,800,11351.868058
414.771135,543,11355.933009
67.840344,72,11356.462232
785.073679,800,11369.725653
176.443998,800,11376.052946
314.039147,343,11378.989313
227.846933,389,11382.34702
94.869905,111,11383.224599
539.647046,654,11395.414294
727.520408,800,11401.567965
756.464782,800,11415.002548
7.264367,66,11415.541288
292.683536,393,11418.51597
56.198671,413,11421.659352
526.176383,800,11427.730206
52.831143,85,11428.392792
687.535647,800,11441.730618
203.534002,422,11445.004324
270.5454,346,11447.709586
716.084424,800,11460.926401
100.879874,800,11467.343883
74.113874,157,11468.53323
727.950022,800,11474.509757
730.490668,800,11488.299126
218.328768,800,11494.254463
-1207.709838,800,11507.663876
742.167435,800,11513.600981
363.483093,441,11516.938657
226.694719,243,11518.806088
179.5906,434,11529.39807
222.986405,257,11531.266997
418.705716,699,11536.389861
65.837842,69,11536.908276
201.444187,352,11539.60055
50.995978,80,11540.221465
339.739122,457,11543.721959
241.761763,382,11553.862294
232.626572,519,11557.691232
238.689402,800,11563.587395
142.238088,197,11565.078218
73.06303,77,11565.693063
185.02476,304,11575.319544
448.574961,610,11579.855183
167.40896,323,11582.26018
165.099078,303,11584.524043
498.173828,800,11597.62487
213.091326,800,11603.418219
274.414659,584,11607.783677
207.465669,800,11621.059394
448.263181,592,11625.447588
329.859383,480,11628.958183
6.295188,65,11629.420824
210.12025,320,11631.770279
176.432769,413,11642.151106
19.844359,49,11642.511215
69.983295,84,11643.144457
173.953417,441,11646.488352
725.972898,800,11652.602373
-7.112315,87,11653.244512
209.95974,800,11666.676107
618.473237,800,11672.812603
703.236607,800,11678.71061
-55.250747,800,11692.056772
553.232025,800,11697.979664
723.519794,800,11711.418033
178.461056,207,11712.956959
407.233215,469,11716.4606
728.839219,800,11722.373745
120.777339,283,11724.519619
685.228201,800,11737.993543
220.776234,336,11740.600182
69.775508,149,11741.722139
41.124225,84,11742.357979
210.388872,250,11744.251168
690.280366,800,11757.51864
693.636515,800,11763.40249
201.415073,324,11765.84422
318.404481,492,11769.571847
327.664653,475,11780.637846
699.78203,800,11786.563489
342.212797,492,11790.306936
-964.256208,800,11803.787142
240.135387,338,11806.253992
317.63412,437,11809.458393
298.448784,456,11812.88487
716.33808,800,11826.289595
336.326172,485,11829.91289
100.775366,800,11836.019834
742.308676,800,11849.405823
446.658524,631,11854.067488
695.253146,800,11860.067454
44.311178,70,11860.588523
767.808222,800,11873.868406
766.814033,800,11879.812853
100.241455,231,11881.591093
209.377338,800,11895.044793
453.165642,800,11901.183042
577.703946,800,11907.458366
226.951871,800,11920.703148
130.358869,320,11923.157186
156.716435,565,11927.493817
-397.954271,800,11940.912821
127.683061,211,11942.464579
287.439593,800,11948.417685
732.044308,800,11961.722104
614.221466,800,11967.747055
97.67366,227,11969.432392
698.590609,800,11975.42005
232.362893,375,11985.566742
603.159633,800,11991.675622
7.025431,66,11992.167994
729.001587,800,11998.11009
117.396401,125,12006.444511
118.665856,800,12012.498808
130.288849,137,12013.546831
722.079422,800,12019.533484
625.570778,800,12032.77404
703.249763,800,12038.767973
641.748842,800,12052.138886
267.91178,309,12054.484746
237.696616,448,12057.898541
528.079354,736,12063.383192
101.447404,204,12064.868639
126.921985,281,12074.338519
9.326915,95,12075.06311
735.914252,800,12081.22882
55.933792,86,12081.879988
707.974922,800,12087.824458
67.96745,81,12088.435736
378.584781,607,12100.359368
231.693179,411,12103.46528
60.045565,106,12104.247371
761.916035,800,12110.20184
243.518877,260,12112.047454
67.951819,90,12120.104356
246.043256,800,12126.200096
257.192767,800,12132.25747
220.446603,423,12142.621641
64.525035,72,12143.17102
170.975159,211,12144.752976
200.473927,800,12150.932158
264.055255,357,12153.597571
225.167583,800,12167.052577
746.301152,800,12173.094009
310.507115,427,12176.429054
506.283545,597,12188.675941
702.220497,800,12194.638153
206.012493,370,12197.421631
771.857831,800,12203.650061
636.664364,800,12216.920458
703.42479,800,12222.906301
677.910214,800,12236.551333
592.352776,800,12242.572897
719.405974,800,12248.451991
537.032862,743,12261.542464
-1.937189,800,12267.682087
763.88278,800,12280.966998
304.569378,407,12283.94167
665.366977,800,12289.900595
668.424016,800,12303.038341
714.638096,800,12308.965561
67.373277,93,12309.65613
303.644657,510,12313.397254
747.856011,800,12326.858779
707.16372,800,12332.870944
635.905061,800,12338.771848
764.619369,800,12352.308439
624.085986,800,12358.248147
73.080736,78,12358.833513
189.469003,465,12362.242304
704.86693,800,12377.278292
731.346321,800,12383.212692
753.258772,800,12396.367528
288.632903,800,12402.356061
582.15262,800,12408.404751
247.156566,351,12418.282605
-241.770555,800,12424.223355
579.444866,800,12430.126075
464.445119,627,12442.255824
208.878364,408,12445.389447
226.206583,377,12448.113825
514.498234,679,12453.125007
489.533049,800,12466.4395
46.374683,68,12466.929012
362.754371,467,12470.477169
254.02258,326,12472.908262
715.260755,800,12486.117436
81.146066,106,12486.907698
208.980843,800,12493.01415
707.257334,800,12498.927832
602.305464,800,12512.123254
619.909527,800,12517.980338
650.762682,800,12531.521298
645.684649,800,12537.503023
667.875144,800,12543.411427
685.99598,800,12556.808074
-4.524498,70,12557.330611
-154.215838,78,12557.920512
392.861671,800,12563.888433
198.985676,351,12566.501972
449.995917,770,12579.585477
581.498068,800,12585.549874
231.976092,800,12598.883077
482.083012,800,12604.784251
23.754161,123,12605.701083
297.299623,800,12611.676085
203.018919,284,12621.058794
45.403302,55,12621.465297
427.586445,800,12627.464841
712.277692,800,12633.459408
730.237256,800,12646.914424
92.911287,164,12648.212428
300.085018,374,12650.957154
-4.570673,260,12652.931564
658.295686,800,12666.175063
681.496553,800,12672.026688
157.033883,319,12674.355621
185.856139,248,12676.148197
427.258728,800,12689.831244
41.526933,556,12693.992167
293.2531,363,12696.825041
5.262381,204,12698.348249
743.366356,800,12704.357677
708.391148,800,12717.943718
655.558764,800,12723.974244
237.881946,416,12726.986967
675.318548,800,12740.623351
696.772645,770,12746.555238
712.479985,800,12759.803936
719.66223,800,12765.818782
93.023418,800,12771.828146
-12.627981,175,12780.377671
592.049664,800,12786.659786
570.837758,800,12792.536521
304.443912,500,12803.557498
194.365155,212,12805.139267
233.450922,252,12807.010566
341.331947,452,12810.478111
335.352736,800,12816.48772
301.0968,405,12827.039142
327.367036,445,12830.649839
295.7612,345,12833.209192
211.72987,229,12834.880048
284.637175,320,12837.246841
63.294303,87,12837.886527
56.831342,240,12839.655591
642.929127,800,12853.258958
602.524962,800,12859.346295
-3.060385,800,12872.804967
200.118057,336,12875.376775
33.5408,78,12875.982787
234.13288,474,12879.510525
659.674313,800,12885.595535
713.137325,800,12899.050916
73.395606,78,12899.647321
99.679473,246,12901.575402
657.032446,800,12907.754281
654.717608,800,12920.994183
338.388092,610,12925.484408
752.390153,800,12931.562459
754.04,800,12945.181947
14.980788,84,12945.811776
157.698108,800,12951.783805
516.050108,800,12965.196185
347.802384,520,12968.987628
292.79486,800,12974.910716
205.747095,337,12977.41915
664.486398,800,12990.91613
108.303048,273,12992.99163
231.1825,383,12995.839816
97.134323,123,12996.752978
512.407276,690,13009.379199
206.609103,800,13015.417456
680.514864,800,13021.316587
736.300584,800,13034.495655
165.678679,172,13035.800731
323.839131,441,13039.044506
409.642672,579,13043.477038
540.904401,800,13056.825947
198.637104,436,13060.106994
154.556622,304,13062.320752
530.354592,767,13068.022265
265.645165,348,13077.839279
701.767716,800,13083.812174
697.173802,800,13089.640251
41.900994,69,13090.141038
729.012731,800,13103.458355
759.792421,800,13109.481791
302.330648,433,13112.638326
612.596012,800,13125.971591
751.322025,800,13131.95051
-23.600421,188,13133.328233
98.468909,348,13135.862267
91.438093,126,13136.781051
-283.358023,800,13150.035502
264.646688,392,13152.96455
168.157795,296,13155.19791
342.297349,492,13158.833222
268.799366,800,13172.071799
277.31503,484,13175.661649
327.589724,432,13178.877089
189.175795,800,13192.118917
184.808378,200,13193.690478
710.082222,800,13199.664685
658.386699,800,13213.066167
646.414941,800,13219.138873
198.270449,355,13221.805803
115.152173,165,13223.03746
245.525043,420,13226.216681
274.469039,413,13236.769015
280.399373,682,13241.906015
541.374525,579,13246.113013
180.350255,800,13259.776207
31.828584,65,13260.272818
695.498531,800,13266.163968
84.625938,110,13266.975894
312.028714,441,13270.267937
112.809658,163,13271.564972
372.737524,488,13282.865538
8.839419,800,13289.003549
318.645349,409,13292.060328
616.679637,800,13305.299684
-23.708093,127,13306.266756
643.833699,800,13312.111584
732.525447,800,13318.047445
711.133257,800,13331.908187
331.655219,479,13335.513291
616.394718,800,13341.478237
16.37877,174,13350.108576
82.229342,117,13350.964523
743.073507,800,13356.956755
616.249917,800,13362.787502
663.849996,800,13375.998107
207.183365,314,13378.331467
67.555394,161,13379.616089
-130.982374,410,13382.783892
275.818624,592,13394.596356
579.565594,800,13400.585721
220.631073,800,13406.562001
188.718201,295,13408.746226
51.715349,116,13409.623294
210.37329,337,13419.609153
716.862499,800,13425.720428
271.475349,402,13428.736193
383.616131,489,13432.331491
18.711975,261,13441.452857
69.349381,68,13441.94387
46.152544,87,13442.572968
-10.910631,90,13443.238805
22.357453,69,13443.75893
45.696703,74,13444.323509
476.347895,615,13448.888543
449.265899,800,13455.038051
736.988413,800,13468.29977
770.064624,800,13474.17762
330.462962,700,13486.716437
234.601448,329,13489.114388
238.260324,771,13494.841123
688.136358,800,13508.075881
749.666664,800,13514.015876
486.10027,800,13520.016942
3.048139,71,13520.569868
175.837736,323,13530.224762
721.920314,800,13536.105332
736.204497,800,13542.031598
564.852351,800,13555.179213
388.322858,555,13559.394268
721.055731,800,13565.476856
605.508432,800,13578.815015
-29.959283,503,13582.60586
41.596784,67,13583.122024
234.411686,324,13585.596803
351.783266,458,13589.001947
674.481123,800,13602.283095
745.656313,800,13608.349303
759.275509,800,13621.659888
385.026405,800,13627.608981
57.220866,92,13628.283449
655.185496,800,13634.293246
75.830726,98,13635.00069
702.531596,800,13648.303726
268.710496,628,13652.930017
347.080881,509,13656.766025
24.637761,74,13657.321617
684.124745,800,13670.651561
340.168855,461,13674.094229
601.89926,800,13679.969004
71.295819,94,13680.648611
716.962918,800,13693.900836
58.519546,97,13694.612252
599.279278,800,13700.570109
313.162566,367,13703.34007
747.606281,800,13716.497385
17.020824,73,13717.040467
73.553006,71,13717.574449
447.418157,479,13721.109182
717.172866,800,13734.670006
373.036351,528,13738.523551
48.659649,48,13738.882933
82.502496,89,13739.523499
678.956533,800,13745.405989
757.717822,800,13758.853173
-0.106103,222,13760.479954
240.223356,349,13763.036702
464.926815,534,13766.956823
56.379401,108,13767.73048
-15.346443,81,13768.330818
47.399637,48,13768.691087
203.953309,220,13770.283285
311.356088,474,13781.394467
710.600231,800,13787.361856
379.445272,800,13793.302736
362.837661,800,13806.503602
746.683787,800,13812.398517
255.657747,294,13814.561868
703.621051,800,13827.74739
59.642216,73,13828.310577
751.936581,800,13834.282853
547.34441,697,13846.686725
168.793016,215,13848.2904
198.037309,372,13850.977349
212.492447,405,13853.936526
315.825909,407,13856.956589
187.063443,397,13860.821276
770.598785,800,13874.699695
465.37549,536,13878.688572
746.73352,800,13884.669773
194.062698,213,13893.582906
698.264929,800,13899.398477
235.794412,268,13901.371071
29.42519,51,13901.738833
719.112508,800,13907.620345
400.695439,586,13919.573135
355.438441,800,13925.521515
94.827958,175,13926.823932
19.24496,54,13927.214836
733.781179,800,13940.64192
2.592388,65,13941.120446
230.4085,476,13944.690207
62.949191,319,13947.050217
688.562393,800,13952.915443
366.628257,431,13963.487319
236.579708,353,13966.116752
745.06476,800,13972.059641
160.729376,297,13974.252312
10.800155,193,13975.634322
92.937016,134,13983.935379
198.571642,224,13985.629364
677.386893,800,13991.623053
676.331172,800,13997.604385
409.536911,595,14009.341258
212.215758,262,14011.338589
-13.726944,63,14011.827165
770.201935,800,14017.847408
217.274512,401,14020.842385
752.945734,800,14033.940822
33.380637,82,14034.538908
755.768046,800,14040.433084
-42.297705,152,14041.574749
490.756642,666,14054.022221
758.21096,800,14060.042209
570.564421,800,14066.112095
-17.800247,69,14073.941242
40.190029,61,14074.416709
748.349463,800,14080.566454
202.80991,229,14082.240254
762.201574,800,14088.244845
309.145613,469,14099.041962
631.016214,800,14105.123351
66.179737,165,14106.35761
725.583748,800,14119.611509
95.971019,136,14120.60109
742.964175,800,14126.586845
708.191893,800,14132.420709
767.985251,800,14145.431317
317.993313,419,14148.474336
2.961815,68,14148.975656
705.978633,800,14154.971778
762.222965,800,14168.245137
744.248507,800,14174.329388
107.5398,114,14175.256515
697.939105,800,14188.747468
752.637061,800,14194.642802
255.229193,355,14197.277474
36.076795,170,14198.547761
23.442107,123,14199.455417
10.813664,78,14200.038257
58.014079,289,14209.397429
212.603424,246,14211.212816
286.197009,455,14214.514349
147.277673,169,14215.798147
359.241967,648,14220.57157
720.354715,800,14233.882859
316.723736,407,14236.995441
105.511014,139,14238.025541
109.680673,132,14239.026595
211.085471,800,14245.053419
722.11165,800,14258.43132
82.618686,125,14259.368268
744.082759,800,14265.385792
744.826344,800,14278.712847
211.539086,351,14281.414687
44.999304,51,14281.808835
700.138222,800,14287.951082
266.819768,396,14290.899144
696.395966,800,14304.295652
33.216834,800,14310.42909
203.52697,269,14312.530313
700.997395,800,14325.965736
648.512159,800,14331.929039
742.820164,800,14337.909326
153.575591,183,14346.678719
686.53021,800,14352.666435
50.734252,54,14353.09778
133.73532,395,14356.018744
291.187292,508,14359.798214
701.729728,800,14373.176739
698.485784,800,14379.123736
234.377535,303,14381.396484
53.356543,87,14382.06547
722.388598,800,14395.450855
180.188232,333,14397.86669
697.850119,800,14403.952544
207.614279,800,14417.058064
46.909974,73,14417.585014
709.564613,800,14423.555478
751.313707,800,14436.700767
28.215673,69,14437.214295
165.044345,589,14441.546988
746.080217,800,14447.478035
471.46508,573,14459.099911
743.522392,800,14465.021824
738.813441,800,14470.880967
155.28556,250,14472.699562
511.832886,800,14486.239867
701.570843,800,14492.19257
546.055155,686,14504.497046
686.462839,800,14510.51635
660.951335,800,14516.563676
72.013397,115,14517.43393
68.157668,800,14530.849766
257.154163,800,14536.902136
643.696309,800,14550.223047
-37.158555,77,14550.796184
667.119015,800,14556.775793
765.35642,800,14562.735417
-7.245436,112,14563.579888
136.944508,200,14572.388268
201.081246,320,14574.792218
219.965397,361,14577.476287
224.749762,444,14580.732155
170.126269,800,14586.846805
41.300469,47,14587.197758
349.277949,659,14599.573118
51.703591,91,14600.295529
752.21711,800,14606.208019
                             