#{"t_start": 1735694421.0117939, "env_id": "None"}
r,l,t
-31.966643,600,3.419893
-10.445789,600,5.929926
-14.863856,600,8.546507
-9.202767,600,17.914714
-12.208293,600,20.535916
-13.831991,600,23.0147
-10.390443,600,32.409769
-4.273322,600,35.070921
-5.102299,600,37.703134
-10.313755,600,40.25531
-10.427494,600,49.417236
-10.091333,600,52.07349
-11.1106,600,54.777893
-10.684936,600,63.906624
-50.553057,197,64.741147
-4.204974,600,67.4315
-5.291477,600,70.17519
-1.1654,600,79.40952
4.250396,345,80.960323
3.447961,66,81.217973
-36.186566,600,83.858123
-28.872786,600,86.544675
12.29606,600,96.015562
2.616015,187,96.756868
-9.12033,600,99.401029
-8.985915,600,102.073225
17.342973,411,110.483293
-21.854903,600,113.127875
10.039256,111,113.610908
-34.071541,600,116.153709
10.117755,90,116.544026
-7.989371,600,125.924686
5.556428,600,128.488205
-34.231402,600,131.120457
9.818141,191,131.975899
-26.131685,600,134.562832
9.932625,144,141.432152
4.632673,55,141.640385
-3.106304,600,144.140312
-9.691575,600,146.669864
-13.753964,600,149.281395
3.257978,600,158.448238
-3.501224,356,159.89064
-22.299934,600,162.532818
-7.771264,600,171.64187
9.619427,133,172.192482
-5.83342,510,174.316167
-27.557887,600,176.929871
-6.171639,600,179.408561
6.938939,36,179.563628
2.577032,143,180.18973
2.81699,149,187.518433
-22.062551,600,190.061347
9.937964,92,190.435172
-8.777133,600,193.107526
-12.5183,600,195.637998
-5.217215,600,204.889758
8.646913,55,205.108449
-29.996873,600,207.697258
-7.928293,600,210.261558
-0.193887,600,219.609489
9.13912,600,222.205366
12.91388,164,222.829228
3.973735,67,223.093764
1.804694,91,223.463112
3.242414,42,223.648537
4.046823,48,223.850726
-19.49629,600,226.347906
0.507701,600,235.363285
-8.986972,600,237.88914
-9.481981,600,240.530035
9.169774,57,240.785771
3.258598,44,240.979635
3.637039,89,241.370536
-13.473846,600,250.519541
12.88939,600,253.108629
3.129256,77,253.453499
-10.364722,600,255.976836
6.689689,63,256.240684
-8.658771,600,265.362382
-6.243925,600,267.890149
-1.205296,600,270.473333
3.373405,49,270.678328
4.669885,66,270.942971
2.860902,92,271.345089
-10.433453,600,280.752955
-20.843011,600,283.362725
11.313694,74,283.663864
-24.442328,600,286.208578
-5.24993,600,295.501166
7.088584,52,295.72945
-4.854451,600,298.262954
-2.247174,600,300.825055
-19.970223,600,303.409876
-27.737233,600,312.44911
10.257117,107,312.884581
0.477302,77,313.199881
1.494406,127,313.762847
2.270983,102,314.224186
-8.596601,600,316.701712
-3.63192,600,325.700226
5.68751,36,325.827508
-1.969464,600,328.359851
-4.330863,600,331.000922
-28.919651,600,333.455806
-10.161438,600,342.796683
0.181101,600,345.366257
3.34549,188,346.107668
-3.967631,600,348.593976
1.853171,189,356.124623
20.650887,172,356.855071
3.064755,75,357.225338
-36.028456,600,359.769288
10.21767,113,360.287251
-14.008565,600,362.879966
14.293833,522,371.877553
2.995936,79,372.22781
-0.167823,600,374.745219
6.323377,600,377.227685
3.445515,83,377.587084
7.244966,45,377.776263
2.240391,85,378.135993
-25.323609,600,387.254252
9.815296,28,387.385541
0.022634,452,389.289608
4.822228,55,389.502949
3.950576,108,390.016261
2.316329,74,390.359537
5.851265,71,390.676082
19.059985,187,391.500519
-4.822356,600,394.042817
10.960389,83,394.391317
4.49067,68,394.673684
4.492255,600,404.095536
3.325427,67,404.379833
5.760525,395,406.078809
-11.864625,600,408.638525
10.860465,50,408.887113
-16.644876,600,418.097044
9.973318,39,418.247699
-1.032362,600,420.912117
2.616167,600,423.384481
-12.478535,600,425.907442
12.802028,247,433.579446
-0.16439,600,436.131933
7.53246,464,438.07588
1.912799,76,438.389936
2.377769,600,440.988684
4.803793,75,441.313725
-0.226089,600,450.402516
-2.756931,600,452.855455
10.619238,161,453.489168
-10.620385,600,456.121522
28.748497,76,456.42538
2.72453,37,456.583162
2.550758,32,456.715702
27.171457,358,465.03331
2.5334,69,465.327488
3.074412,134,465.903268
10.980699,57,466.132499
2.940062,34,466.281794
4.007941,135,466.861382
2.984467,43,467.052001
5.808567,183,467.884803
-1.462708,600,470.413849
-12.902673,600,479.751224
10.271196,57,479.999356
4.088384,65,480.305704
3.916503,47,480.517348
16.109003,148,481.11399
2.243761,35,481.261581
5.259398,40,481.44488
17.918462,240,482.558291
2.703936,30,482.683405
5.697694,103,483.084566
4.379571,35,483.235171
24.255535,333,484.651783
3.260044,53,484.867446
4.709164,264,486.003312
2.597675,49,486.214963
5.477994,154,486.861192
10.744975,148,487.554121
4.276785,600,496.971146
23.899226,222,497.90984
11.509941,84,498.291315
3.163525,44,498.483883
2.9574,115,498.954913
-1.187619,600,501.496238
1.050866,600,510.6184
-14.370234,600,513.247945
10.594791,149,513.856076
-5.015173,600,516.545893
21.144216,137,517.186074
20.010805,434,519.004805
3.276995,33,519.16081
6.15557,37,526.069017
-39.760339,600,528.659063
14.503307,141,529.231007
10.962577,144,529.797606
-1.330262,600,532.434016
3.000952,33,532.557777
3.372984,80,532.882518
2.950515,64,533.16914
26.376951,161,533.837458
22.346209,283,541.723493
2.62465,32,541.84797
5.171212,19,541.927679
-0.063914,600,544.524338
4.932857,153,545.129405
4.417046,51,545.346744
4.336409,40,545.536763
4.734231,55,545.794363
4.825119,46,546.022665
3.677287,33,546.156877
5.302364,41,546.332992
3.428381,31,546.460724
6.744762,41,546.635702
3.29689,48,546.842288
17.732998,233,547.822006
2.510174,54,548.050423
-26.4975,600,557.750443
10.812647,66,558.026227
3.950706,57,558.270747
-4.812829,600,560.772265
9.925951,97,561.212758
5.176893,32,561.363178
2.186039,44,561.554093
17.367726,200,562.385232
20.19647,141,563.004638
8.162489,116,563.527699
2.271771,42,563.719088
6.406948,143,564.338607
4.500618,29,564.476649
4.165939,33,564.608544
4.206408,72,564.909992
4.800619,37,565.078327
6.401705,128,565.640979
-26.331369,600,575.131071
24.274569,225,576.112562
7.918593,149,576.800291
-1.646231,600,579.380685
27.409138,395,581.087942
2.517892,39,581.264006
2.874118,39,581.44973
3.597276,63,581.722956
23.44646,268,589.435149
2.488415,146,590.062697
4.965422,85,590.408138
3.007683,54,590.662787
11.877705,600,593.304936
5.888102,82,593.669175
3.082451,46,593.851505
27.833827,301,595.29618
2.510718,28,595.426467
5.473092,26,595.548639
20.505931,252,596.659847
6.18384,139,597.264941
3.344419,29,597.40268
3.410749,25,597.502243
5.394903,34,603.957365
13.997727,153,604.61795
-0.434618,600,607.265491
5.251443,42,607.464965
5.652676,600,610.045017
0.754493,600,612.592873
9.244102,100,619.787369
13.647551,196,620.570555
3.83379,32,620.693354
4.630317,44,620.878515
4.788257,75,621.161831
4.107771,153,621.876337
4.296201,23,622.003533
1.786113,600,624.588586
20.134863,109,625.043593
2.861255,46,625.251011
0.306841,600,627.873514
-15.029323,600,636.978191
6.476231,116,637.523978
5.31611,82,637.864844
3.060274,28,637.98102
23.093319,579,640.486544
10.166437,148,641.107153
2.61936,41,641.27126
4.82745,47,641.446849
2.985843,36,641.58766
5.077421,31,641.732202
6.83758,87,642.08811
10.855707,31,642.232687
8.29324,600,651.446468
17.945473,85,651.817821
2.701256,22,651.910902
2.426457,600,654.524736
4.382785,31,654.658467
4.822895,25,654.775643
4.111571,41,654.960216
6.350509,600,657.567255
4.159832,28,657.690591
4.93178,78,658.056996
6.736395,600,667.342239
16.650826,111,667.804136
7.889652,80,668.199662
13.272849,261,669.27485
15.179909,136,669.847919
19.568252,319,671.155355
7.591047,33,671.295583
3.157184,83,671.654553
8.540692,32,671.795413
2.106447,600,674.370922
4.932853,46,681.065175
9.479954,79,681.407208
20.48549,106,681.892067
8.322695,42,682.124105
2.684475,26,682.252581
13.653682,78,682.641484
-12.041019,600,685.184061
10.256216,61,685.438903
23.835089,325,686.852448
7.068488,170,687.576471
17.140394,129,688.163545
3.161175,60,688.438553
8.443277,100,688.850345
9.412589,98,689.260375
2.630995,37,689.422583
-44.871974,295,696.872312
12.480976,106,697.34976
4.555754,39,697.539908
2.144156,600,700.052034
3.598513,70,700.369603
3.446431,50,700.565721
6.106947,31,700.719407
-39.243425,214,701.640184
14.10474,100,702.096158
25.103217,97,702.545885
21.121035,165,703.25775
2.670214,39,703.417879
4.190045,44,703.59
3.398387,23,703.677545
8.265482,49,703.911278
3.924691,25,704.026911
4.452925,33,704.170416
3.178115,26,704.293014
5.266504,44,704.484067
4.923108,24,704.591563
5.445265,22,704.699312
3.940293,31,704.833833
6.430867,162,712.292767
3.773685,70,712.594735
5.779033,42,712.779497
16.786016,69,713.077187
15.456764,212,714.022061
3.543855,30,714.161017
3.529122,26,714.274891
24.718862,151,714.88618
2.980875,25,714.998932
3.64193,600,717.586341
8.526235,44,717.78693
24.686242,163,718.495664
5.877989,119,718.991177
-0.707079,600,728.361562
3.266939,40,728.540742
24.162023,137,729.163554
11.269201,56,729.418992
6.791846,131,729.967983
7.632165,28,730.096535
27.066246,109,730.573872
3.887984,21,730.658774
-19.380921,600,733.282866
11.19857,33,733.454248
3.074666,62,733.714074
4.886085,56,733.934646
25.388144,242,734.954187
17.156351,225,735.934114
24.421158,174,743.283985
6.903803,59,743.531866
3.424978,35,743.689805
26.753691,241,744.754498
-0.653753,600,747.435924
6.215211,27,747.546151
3.699197,21,747.654263
-11.131255,600,750.466245
20.791194,58,750.762658
2.974236,44,750.959034
26.569259,385,759.47474
3.930393,30,759.604114
3.384609,45,759.781635
9.183303,116,760.278991
16.836335,189,761.035716
6.151738,37,761.210256
5.156221,600,763.882504
17.760902,65,764.19382
2.717747,32,764.326646
4.211111,22,764.418679
7.684364,600,767.011574
24.918042,138,767.580544
4.142342,39,767.76737
5.158197,23,767.857066
19.844858,178,774.697633
25.783088,200,775.556772
2.341569,36,775.719047
17.504518,107,776.190011
8.804947,56,776.446777
3.909081,39,776.617153
13.223499,86,776.969272
0.936717,600,779.577299
4.441777,20,779.66752
0.60815,600,782.195666
14.689862,114,782.700926
14.922477,153,790.012015
3.475267,27,790.145397
5.434652,40,790.333906
19.71369,141,790.913926
7.708432,79,791.243834
3.082311,32,791.370334
17.891865,126,791.900244
11.61344,57,792.178874
2.849543,28,792.314276
17.106103,50,792.562707
7.445162,25,792.683517
23.63175,205,793.604335
7.333021,46,793.802311
4.016635,45,793.993247
5.393392,37,794.161666
16.696008,229,795.080448
-0.296292,600,797.784822
16.877851,165,804.805479
17.46854,103,805.276213
3.88017,22,805.371253
2.754749,600,808.043088
10.263591,90,808.424301
12.543632,65,808.695714
3.814945,31,808.831461
3.88685,70,809.116883
17.032794,68,809.420528
21.803383,125,809.948798
7.603166,45,810.146322
3.703939,32,810.258127
27.976767,379,811.937391
20.699847,130,812.542526
28.249743,322,820.724597
20.207443,92,821.095553
-31.246064,600,823.879123
17.212084,71,824.221539
3.491809,35,824.385766
3.043461,142,825.0136
5.26412,31,825.149544
7.935065,132,825.742491
7.107595,68,826.0507
25.269596,234,827.086285
22.61901,147,827.742643
19.359151,76,828.072899
19.371855,116,828.579483
4.888583,32,828.719751
3.454173,600,838.202451
3.743383,34,838.365846
16.039127,63,838.637319
19.206229,169,839.37741
7.460752,43,839.569898
22.750948,118,840.052933
6.536069,600,842.664602
7.246356,111,843.150078
2.316075,600,852.538518
23.049214,126,853.107649
25.447866,146,853.750216
17.324562,79,854.076249
6.793845,93,854.439174
5.322494,22,854.535802
30.054464,211,855.486971
4.676558,58,855.713752
5.767022,22,855.799145
20.083423,99,856.232884
11.303201,600,858.917917
18.911946,86,859.249062
14.536425,62,859.48901
16.754726,57,859.71848
25.125286,261,860.925066
5.796235,26,861.043112
4.504268,103,868.482431
5.625291,19,868.568938
18.837218,48,868.757306
24.656607,219,869.686141
21.371689,118,870.232249
23.140635,87,870.626061
22.447775,150,871.271069
9.051228,33,871.405691
7.377918,99,871.814507
8.725254,41,872.001004
8.731243,41,872.179778
9.092374,94,872.595182
17.5107,106,873.064216
15.853921,61,873.337174
11.359433,85,873.733914
18.21351,68,874.032032
1.939065,600,876.691404
7.63287,25,876.816378
19.263607,207,884.169429
20.734241,135,884.787271
-15.821632,600,887.435229
16.174971,75,887.772385
18.828947,81,888.140873
7.073317,24,888.230603
-28.274284,600,890.906816
37.249038,180,891.643858
22.53969,179,892.409201
14.793152,56,899.562242
26.185037,138,900.147715
4.491414,30,900.279491
12.67045,40,900.495941
13.601135,44,900.693446
6.030124,37,900.884893
25.68222,211,901.847118
15.563681,119,902.397877
9.331235,98,902.847523
13.285628,60,903.112097
24.613902,132,903.658154
14.905625,102,904.066503
21.927234,119,904.586751
18.694502,62,904.883678
9.860149,119,905.431581
26.62939,135,906.048812
25.494035,182,906.795428
10.27485,40,906.958019
14.280087,120,907.499343
22.197274,118,908.03232
8.408522,56,908.282866
10.310619,59,908.569034
-15.221316,600,917.680202
12.351897,600,920.404828
20.011462,54,920.655225
5.72776,42,920.836806
23.210625,103,921.290389
6.316404,32,921.420765
24.699145,111,921.923434
21.484342,52,922.142843
14.140512,72,922.454927
-23.374369,600,931.663215
21.712499,112,932.191327
30.043867,195,933.087181
27.651282,101,933.562819
16.263216,43,933.737886
15.84492,83,934.131114
28.717706,179,934.890556
24.526457,227,935.935437
26.239764,120,936.4688
9.224088,70,936.780349
23.828572,78,937.128913
12.635246,600,939.878778
20.032455,61,946.875115
8.029438,36,947.053721
24.824037,90,947.400607
24.078844,171,948.096818
24.996388,85,948.476202
14.432133,35,948.609581
17.634794,74,948.926397
13.672402,67,949.225211
29.868325,97,949.638924
17.139379,71,949.959545
23.690285,103,950.445076
30.791894,106,950.907875
7.519703,53,951.143188
27.831616,137,951.740009
9.39361,600,954.403839
13.397414,43,954.629157
3.969727,600,963.778179
12.154541,100,964.220018
18.79115,81,964.603345
10.00179,42,964.799145
29.546591,178,965.500325
17.520688,141,966.116518
-33.222191,600,968.746574
25.058937,36,968.893972
21.313387,61,969.14027
13.225968,104,969.591414
28.785194,150,970.230604
14.890482,76,970.568176
30.062557,115,971.054601
30.41912,127,978.094346
27.622728,125,978.647106
17.43502,45,978.810561
7.919714,49,979.048309
29.206109,171,979.811287
5.883742,600,982.466833
29.983614,196,983.319937
20.182057,66,983.598247
30.182388,149,984.215733
33.531453,159,984.934779
21.674231,86,985.301422
29.38141,119,985.778382
10.264811,65,986.028354
15.771913,78,986.326946
22.279231,66,993.364251
20.822453,52,993.587094
26.161488,103,994.01567
28.515966,300,995.258837
21.754941,67,995.53667
32.77521,268,996.711906
30.437874,107,997.192728
9.33871,29,997.322474
20.492264,62,997.609586
10.278855,34,997.771587
23.387254,106,998.263813
25.01876,209,999.18662
-35.108031,206,1000.129122
30.897117,90,1000.524745
21.01712,101,1000.959358
26.70023,92,1001.389546
20.050127,57,1001.634895
30.903016,128,1002.16306
23.583296,121,1009.136157
19.038241,44,1009.326503
11.264931,30,1009.458587
10.406889,31,1009.608558
21.563548,99,1010.091283
19.357926,111,1010.538425
30.200108,158,1011.182461
23.984135,68,1011.466334
13.990112,30,1011.614865
24.961595,168,1012.319536
22.717823,88,1012.69952
10.971101,25,1012.817551
4.6641,600,1015.377632
30.568824,115,1015.927031
15.964524,45,1016.145782
33.044923,377,1024.535956
28.308428,70,1024.839727
28.469193,89,1025.210596
23.134132,59,1025.460361
27.638387,65,1025.7132
16.173431,79,1026.068442
11.408549,29,1026.209196
14.443938,600,1028.97049
29.412752,78,1029.308057
20.81981,61,1029.567293
-17.411129,600,1032.347001
38.568093,121,1032.89607
11.924684,45,1033.104347
29.540844,99,1033.525856
15.504431,31,1040.331804
31.776267,233,1041.430896
22.951115,73,1041.776005
10.209114,46,1041.984368
28.693472,180,1042.766489
17.232199,45,1042.953719
14.954811,75,1043.270682
24.056847,277,1044.508356
11.793497,39,1044.696217
18.977867,44,1044.886596
20.856119,85,1045.285349
18.14651,85,1045.68014
22.208107,54,1045.917811
20.138344,48,1046.132877
29.875256,110,1046.614167
12.013025,39,1046.799246
30.600318,85,1047.137627
19.975669,87,1047.532648
20.478313,62,1047.797582
29.698895,90,1048.204897
30.574277,115,1048.683394
11.94366,59,1048.932808
15.195696,38,1049.081398
21.454273,94,1055.76054
20.584363,56,1055.992496
11.838894,600,1058.608625
29.173616,94,1059.030347
23.788105,88,1059.411025
16.689169,75,1059.731931
9.395336,224,1060.77014
33.110866,148,1061.424592
8.556318,600,1064.089781
24.376647,219,1071.668978
19.565803,55,1071.909364
26.14908,93,1072.310875
28.738658,91,1072.721376
21.481221,51,1072.923198
16.03004,34,1073.062979
33.081082,115,1073.532743
10.557915,600,1076.15879
33.775759,172,1076.931089
25.258505,65,1077.183543
33.146538,134,1077.783509
32.276827,88,1078.168007
23.276292,100,1078.625138
26.625329,115,1079.157893
24.2017,83,1079.500467
24.27981,88,1079.89262
23.986376,49,1080.101295
35.048059,168,1087.488701
28.882736,59,1087.775863
14.709447,30,1087.925137
37.273454,178,1088.745012
23.878004,92,1089.166925
34.149473,99,1089.657593
14.815135,47,1089.863411
33.783497,148,1090.483068
23.578375,101,1090.939528
28.632737,68,1091.258074
33.011277,142,1091.890064
31.547395,92,1092.252614
31.473717,73,1092.588202
19.274129,77,1092.923365
29.869735,100,1093.362483
32.168024,64,1093.6495
26.091007,71,1093.96558
31.482837,73,1094.31731
30.157544,67,1094.598382
15.03895,50,1094.829778
32.153942,106,1095.283396
36.459105,118,1095.7523
13.883796,39,1095.922621
29.050118,50,1102.788562
12.470691,600,1105.384952
32.919647,165,1106.187142
31.633439,73,1106.519765
30.012187,67,1106.804387
33.553681,69,1107.097437
26.06552,64,1107.361207
27.639249,89,1107.77663
29.670528,110,1108.291414
24.763203,109,1108.796957
18.951892,45,1108.987861
37.699697,121,1109.497766
36.902482,220,1110.4636
16.392421,58,1110.689252
36.369618,135,1111.268785
23.875981,48,1111.482713
39.241195,146,1118.862776
31.860843,95,1119.311363
21.218342,600,1121.997862
14.419097,600,1124.569322
34.717279,97,1125.010726
26.129908,131,1125.576097
28.109683,151,1126.249029
30.841142,218,1127.160291
35.507685,87,1134.297882
34.555307,63,1134.588399
26.433672,99,1135.060705
24.884895,58,1135.350777
17.204296,41,1135.546117
17.973367,30,1135.679133
35.857949,129,1136.25053
23.491503,43,1136.433315
33.212497,99,1136.828762
11.570369,600,1139.388644
36.600272,70,1139.685488
18.4469,600,1142.32853
25.482278,79,1142.670875
18.965365,51,1142.907346
33.102629,86,1149.941319
23.894349,60,1150.205446
17.682243,30,1150.361267
27.179491,72,1150.670305
33.917225,95,1151.095196
29.723887,88,1151.462438
38.265032,80,1151.809074
35.69188,144,1152.439715
22.42805,600,1155.172532
37.498658,77,1155.519803
26.787081,76,1155.886393
22.344868,600,1158.453396
21.284981,42,1158.663163
35.940528,71,1165.864923
37.595622,86,1166.232538
28.396104,88,1166.647007
35.349858,124,1167.241023
31.414498,56,1167.495381
33.178933,92,1167.921866
35.81399,66,1168.230258
40.927851,272,1169.423053
30.914404,72,1169.715645
29.970757,49,1169.925841
39.324165,125,1170.474455
29.504429,114,1170.99143
36.140794,72,1171.314517
21.724376,37,1171.5008
31.629247,69,1171.815926
29.557109,161,1172.53116
37.457758,58,1172.803319
31.582537,115,1173.276148
32.28138,91,1173.653284
31.09249,59,1173.935352
21.700349,57,1174.193244
29.913151,57,1174.476901
20.084982,59,1174.706109
-13.54272,600,1184.231405
47.420029,110,1184.711063
40.39912,107,1185.140131
30.998019,77,1185.451678
27.547073,101,1185.897235
31.874393,78,1186.197953
31.819294,100,1186.611835
28.34921,54,1186.835824
33.876099,152,1187.497442
33.823466,493,1189.619149
30.938851,87,1190.006711
38.490867,97,1190.418586
31.300761,115,1197.470213
26.472015,49,1197.674957
41.470263,196,1198.536284
42.588687,151,1199.244385
32.364974,134,1199.893284
36.589766,105,1200.387564
31.197991,75,1200.745038
34.455563,178,1201.543118
37.149693,89,1201.974718
45.015852,179,1202.802686
36.262664,63,1203.055914
30.660144,68,1203.3699
38.560898,146,1203.989127
38.536482,83,1204.329004
32.800066,60,1204.575679
47.761886,277,1205.887686
37.930019,63,1206.152349
33.216477,204,1213.893909
31.833999,90,1214.24945
39.844058,114,1214.731019
35.988253,71,1215.03497
30.085502,77,1215.414802
43.361074,97,1215.874905
23.357571,65,1216.198286
46.487998,161,1216.925124
36.210334,67,1217.238974
26.691559,47,1217.449267
34.995367,68,1217.739474
-15.509508,600,1220.450002
48.801595,72,1220.759244
-7.32996,600,1230.265894
50.117097,94,1230.723347
43.381755,101,1231.215618
33.311889,75,1231.54496
38.217419,83,1231.881995
33.712184,63,1232.142463
23.87322,35,1232.282323
23.794244,38,1232.466529
30.688556,111,1232.978634
40.559514,72,1233.330135
53.220203,184,1234.135717
40.358931,79,1234.46506
32.421153,74,1234.825838
32.317968,48,1235.06443
43.420455,148,1235.748684
35.217377,60,1235.99896
32.710594,104,1236.440403
43.908932,106,1236.924771
44.215452,127,1237.495355
39.515422,74,1237.837504
36.201236,60,1238.132949
31.559304,55,1238.367159
39.83786,99,1245.213774
37.779934,97,1245.624649
43.35659,89,1246.015345
45.689446,86,1246.408337
43.073305,128,1246.953262
35.180146,56,1247.170567
44.043558,206,1248.052222
43.641317,148,1248.726919
24.607467,47,1248.929353
35.509127,95,1249.348016
-19.069582,600,1251.945
54.951324,106,1252.453427
46.950407,153,1253.187297
43.714501,106,1253.651667
43.639183,74,1260.2935
30.279901,38,1260.451613
42.725709,63,1260.768359
36.928428,88,1261.195835
40.403736,70,1261.502713
43.547865,89,1261.907263
-5.770747,600,1264.710249
44.693357,72,1265.027553
44.866777,106,1265.470886
36.507501,77,1265.841295
35.815673,76,1266.160252
40.058581,90,1266.521707
-15.727864,600,1269.265266
42.262945,92,1276.082281
44.104463,85,1276.459137
40.425583,110,1276.926068
35.823332,78,1277.305727
46.063318,97,1277.723708
42.226866,75,1278.026892
-3.405733,600,1280.758511
51.84196,91,1281.139549
21.373667,65,1281.426091
39.437958,82,1281.799246
48.011977,100,1282.249904
45.962626,95,1282.672815
38.078258,67,1282.978874
46.533647,111,1283.451084
37.928338,97,1283.909728
38.668656,77,1284.275442
44.472126,103,1284.78433
44.267664,74,1285.11409
39.145086,112,1292.0891
40.178309,123,1292.630049
42.689569,93,1293.053048
49.900803,118,1293.577909
41.721495,70,1293.878217
47.883497,103,1294.350455
43.419659,82,1294.692805
35.733978,73,1294.982056
42.938623,103,1295.421277
44.18153,90,1295.833381
47.581342,75,1296.200029
-3.868879,600,1298.951334
50.258386,71,1299.268381
45.503743,85,1299.665624
29.9808,62,1299.943375
36.18407,70,1300.246164
40.836526,73,1300.573682
39.276931,83,1307.595429
30.854837,54,1307.84169
48.626689,104,1308.298112
28.018563,117,1308.836923
42.712163,91,1309.260473
37.941049,187,1310.08892
38.527518,113,1310.547342
-9.730484,600,1313.167694
54.636034,74,1313.498893
31.892099,43,1313.699893
46.884391,248,1314.772029
39.452501,65,1315.053641
39.076431,64,1315.327031
40.740043,78,1315.681424
49.500511,132,1316.329228
38.328402,54,1323.022632
37.772227,72,1323.331675
49.255284,121,1323.862226
-4.721824,600,1326.640612
41.990458,56,1326.898588
43.25593,83,1327.280859
46.717176,95,1327.692701
44.16681,92,1328.090759
49.57833,114,1328.582508
4.146635,600,1331.262453
47.986359,100,1331.686622
40.12936,60,1331.960882
46.277497,102,1338.932795
50.315586,151,1339.614428
45.470129,217,1340.629764
48.508954,89,1340.978108
39.628513,78,1341.302688
-27.250883,600,1344.099313
45.188282,51,1344.322712
37.666878,68,1344.631135
-4.607529,600,1347.230189
53.574966,110,1347.681896
42.079532,73,1354.56421
44.896668,67,1354.856773
49.378655,82,1355.206346
43.016905,87,1355.571193
43.512938,60,1355.833853
52.029165,116,1356.380088
49.663715,95,1356.804868
53.142175,149,1357.448088
38.897184,84,1357.861196
40.73823,52,1358.102548
47.207302,94,1358.514675
40.712166,75,1358.8729
42.322147,115,1359.413165
44.942237,85,1359.835993
43.961523,109,1360.349237
54.430338,169,1361.066632
44.620785,99,1361.479075
51.915241,139,1362.117618
40.323793,82,1362.516587
41.794419,84,1362.848245
43.068495,86,1363.225602
42.586884,56,1363.518965
-11.518012,600,1373.135345
57.828601,88,1373.551686
51.414709,215,1374.539665
45.283079,78,1374.890995
47.511963,97,1375.32148
41.517557,121,1375.821596
42.406461,116,1376.32055
51.777184,141,1376.955609
41.296418,59,1377.219368
53.789363,150,1377.894462
41.707789,90,1378.302969
38.968377,63,1378.57889
42.549625,56,1378.851718
28.812858,98,1379.244451
50.580863,83,1379.601004
46.796398,93,1386.194543
44.349427,113,1386.74023
51.955294,100,1387.17627
45.737723,64,1387.45731
47.620729,97,1387.889608
49.867489,90,1388.307978
50.140008,117,1388.831671
44.594659,93,1389.276004
40.869997,65,1389.562524
48.10295,71,1389.889568
46.649488,81,1390.250151
-5.208496,600,1392.953192
57.317641,94,1393.358827
46.01806,74,1393.691905
41.113541,100,1394.154764
51.237117,209,1401.806863
52.454464,125,1402.409297
52.375456,92,1402.795236
46.674484,83,1403.1261
46.703585,81,1403.461443
44.869638,81,1403.808665
58.06543,186,1404.707325
43.396085,63,1404.993178
41.367484,91,1405.43485
48.935012,125,1406.021761
42.799283,73,1406.357834
43.642872,73,1406.673018
52.13486,102,1407.096149
42.014567,67,1407.411699
45.267518,65,1407.73156
51.804378,137,1408.370402
43.940399,65,1408.680407
47.766696,71,1409.022753
48.385842,75,1409.373252
51.938434,117,1409.932937
43.982557,82,1410.284176
42.801848,67,1410.586046
52.715316,99,1411.062012
46.195543,86,1418.046972
44.93262,97,1418.445593
53.436378,84,1418.830412
49.07694,79,1419.167451
30.70018,88,1419.552135
47.768899,70,1419.884824
47.71129,94,1420.336371
49.920792,72,1420.668773
3.841056,600,1423.381069
48.192337,97,1423.795677
56.327846,93,1424.250026
42.87367,69,1424.563217
49.358442,64,1424.859427
53.10206,103,1425.317075
2.32516,600,1434.435296
62.259828,109,1434.91107
43.163926,75,1435.2644
52.257805,116,1435.773848
48.215149,103,1436.250962
48.773498,75,1436.617195
55.218562,210,1437.538929
52.697679,155,1438.161573
54.685055,104,1438.572739
47.732561,75,1438.924841
44.901433,80,1439.272662
44.745347,73,1439.577916
46.542819,103,1440.072898
-14.988168,600,1449.396808
60.222146,87,1449.772381
54.584648,118,1450.266044
48.23695,106,1450.723684
56.732073,139,1451.309
35.380292,89,1451.71079
46.951241,75,1452.050718
48.731973,75,1452.398952
2.843113,600,1455.078041
64.712747,112,1455.576963
50.539121,120,1456.104802
52.39997,83,1456.447853
53.070439,91,1456.856925
44.538181,98,1457.283673
52.85858,92,1457.6622
48.621159,80,1458.042152
48.695129,89,1464.916199
53.921858,117,1465.437255
53.128878,102,1465.928595
52.239997,70,1466.25334
47.52966,76,1466.595763
54.259957,86,1466.977145
54.122664,143,1467.579003
-16.753051,600,1470.245945
63.947749,81,1470.618481
52.47956,88,1471.028637
50.302057,76,1471.339837
58.598698,183,1472.167928
48.514954,61,1472.458361
52.387986,81,1472.815524
53.42122,78,1473.156943
44.257529,600,1482.487322
55.416747,88,1482.881894
56.80864,116,1483.389642
52.771042,87,1483.745211
40.752957,102,1484.194345
57.134431,128,1484.737821
-18.361378,600,1487.407362
55.170818,82,1487.762498
8.681804,600,1496.793252
58.904349,100,1497.214424
52.000545,90,1497.630137
55.497067,86,1498.017492
58.779576,129,1498.588795
58.394804,117,1499.099108
-25.757383,58,1499.327157
67.358877,102,1499.789524
51.163003,73,1500.095802
58.704385,89,1500.495511
13.765106,600,1503.23134
54.490784,79,1503.578494
56.13419,75,1503.890401
58.8905,98,1504.317261
50.965421,75,1504.624974
52.716951,95,1511.637299
61.03108,109,1512.089646
50.75855,75,1512.399011
55.800349,93,1512.797974
58.564543,89,1513.152995
58.62497,189,1513.956511
61.97464,110,1514.415883
59.245747,85,1514.772871
63.486114,202,1515.700537
55.633823,89,1516.092533
54.25069,97,1516.527306
58.403265,101,1516.985384
55.560774,75,1517.330218
61.220486,117,1517.844593
49.905904,79,1518.19415
54.239361,86,1518.563958
58.820693,147,1519.180469
53.807472,88,1519.557572
60.167984,87,1519.936985
60.255254,115,1527.036527
49.91082,87,1527.398549
60.881379,128,1527.984784
59.561915,159,1528.620357
54.88314,79,1528.947263
60.559437,113,1529.448873
62.186601,165,1530.146441
61.834831,94,1530.572967
61.920676,101,1531.017354
59.749288,101,1531.429141
60.683555,107,1531.936065
60.965673,126,1532.522551
55.505849,69,1532.842429
61.461905,117,1533.389085
53.453314,83,1533.759665
56.000658,101,1534.238972
62.669849,126,1534.822582
55.446399,98,1535.258145
63.328969,115,1535.777365
58.035558,104,1542.714467
51.70766,86,1543.075228
51.816046,79,1543.415265
52.738471,76,1543.761625
57.351434,73,1544.076517
59.582277,109,1544.564043
61.693224,110,1545.09767
49.495997,72,1545.395443
56.553215,72,1545.704962
63.357386,105,1546.189969
57.383192,90,1546.558844
61.206035,99,1547.023065
63.059652,86,1547.394988
60.193352,94,1547.779968
56.319439,91,1548.128394
60.502961,91,1548.492939
61.652715,94,1548.887148
61.17294,80,1549.204791
58.033893,79,1549.522467
63.011238,126,1550.03013
61.396041,104,1550.434782
53.849168,80,1550.765761
63.197557,112,1551.226572
63.606787,137,1558.174067
51.732224,84,1558.492655
54.460324,106,1558.92428
64.086193,113,1559.375072
-20.145968,600,1561.773854
64.379103,87,1562.097008
58.136374,80,1562.420937
51.920519,92,1562.779902
8.957876,600,1565.170398
68.856675,81,1565.504176
63.178509,95,1572.333262
48.602737,61,1572.60006
59.117118,110,1573.033602
56.960601,102,1573.408086
60.250646,100,1573.809999
59.592357,109,1574.217589
60.455815,107,1574.677938
57.758573,99,1575.072134
48.525227,74,1575.356099
66.348836,112,1575.808545
1.399071,600,1578.241624
60.598365,123,1578.746143
61.747834,89,1579.133679
63.273047,106,1579.591657
64.579322,102,1579.973622
54.833579,86,1580.313223
60.642037,127,1587.415791
3.456216,600,1589.951298
71.973545,100,1590.370618
61.443338,89,1590.782256
63.672139,90,1591.183942
63.320506,100,1591.613538
62.115541,91,1591.988727
60.976132,75,1592.301366
58.335028,116,1592.822332
65.715255,102,1593.242816
64.399767,101,1593.699023
64.460441,101,1594.13059
56.410457,82,1594.489348
62.787004,87,1594.885121
57.867459,79,1595.244575
64.773079,90,1595.612894
58.517745,88,1602.612365
56.909648,80,1602.964736
64.922632,113,1603.404855
66.398301,135,1603.95876
61.507317,77,1604.285998
62.481937,134,1604.801152
60.880809,102,1605.232727
55.891017,105,1605.713003
65.456752,103,1606.143964
67.673204,118,1606.632677
67.472288,119,1607.141352
38.102765,122,1607.64452
64.838339,175,1608.300227
64.257828,101,1608.734896
62.527497,105,1609.199183
64.616093,105,1609.720089
66.739821,101,1610.200457
66.328373,107,1610.629167
61.821279,107,1611.04898
63.517508,93,1617.411515
58.041546,127,1617.943556
67.662794,107,1618.453242
66.412073,118,1618.959865
62.7885,111,1619.43284
64.513671,96,1619.890103
67.919954,112,1620.383296
61.746015,78,1620.695902
53.643665,107,1621.18609
68.781529,136,1621.773353
68.137172,132,1622.376704
57.42064,134,1622.976215
65.109602,79,1623.387551
64.062815,145,1624.030242
68.250487,117,1624.531527
71.869199,165,1625.201525
33.837468,600,1633.789302
66.864366,98,1634.262571
67.380789,126,1634.83384
65.801465,149,1635.494274
66.621706,131,1636.057222
66.265892,113,1636.486062
56.729998,116,1637.009002
7.707506,600,1639.565153
64.330131,89,1639.959431
56.655191,85,1640.333013
64.873837,93,1640.760308
66.932216,91,1647.127662
63.699436,91,1647.558643
65.664803,97,1647.99841
63.58712,98,1648.473408
60.622716,82,1648.865421
71.593158,129,1649.417118
68.463688,100,1649.882963
59.229451,87,1650.290398
62.843439,91,1650.69049
62.662813,86,1651.066934
64.358711,105,1651.529303
59.390026,86,1651.938945
67.283681,111,1652.492333
49.255401,75,1652.838327
67.120487,128,1653.427423
62.261645,76,1653.750209
71.349109,108,1654.267057
64.829597,87,1654.609972
60.124294,94,1654.997187
66.594629,99,1655.396257
62.101656,92,1655.780839
71.033557,170,1662.45141
65.332353,82,1662.82302
61.867386,100,1663.29957
65.394186,109,1663.80532
56.860824,83,1664.17735
68.125069,116,1664.716858
70.046937,133,1665.279669
66.931796,114,1665.756636
65.39272,168,1666.477016
64.564361,90,1666.895292
54.293396,90,1667.287006
67.861359,97,1667.740174
68.499705,81,1668.087249
70.860225,124,1668.67587
60.613178,88,1669.103276
69.648878,105,1669.597457
61.331633,109,1670.0978
12.22853,600,1678.713655
69.467602,118,1679.215739
68.5906,85,1679.607288
66.984316,98,1680.080749
67.324837,80,1680.464411
-15.496922,118,1681.000502
74.248884,101,1681.471127
-12.534497,600,1684.157398
78.884431,109,1684.611826
2.121778,600,1693.410776
79.176706,138,1694.055671
65.562697,90,1694.45117
70.777627,85,1694.83205
69.767942,81,1695.194647
66.46573,90,1695.603521
73.367011,106,1696.095154
67.247554,140,1696.696933
67.474538,81,1697.066982
62.050902,93,1697.494518
73.631304,124,1698.100473
61.690165,321,1699.521512
46.795442,600,1708.216218
72.849409,104,1708.696073
70.896211,91,1709.122754
71.19511,113,1709.651428
67.679489,112,1710.155051
70.802522,126,1710.71264
72.365974,132,1711.285932
62.064336,97,1711.743058
64.773264,81,1712.15754
-1.140569,600,1714.855938
74.580574,113,1715.376884
65.951681,106,1715.852938
75.52317,185,1716.680135
6.477456,27,1716.797433
-23.957149,600,1725.125271
-27.832218,600,1727.675801
8.012156,30,1727.824611
-27.299688,600,1730.54183
8.298149,28,1730.673665
1.840465,30,1730.816364
1.492704,600,1739.301068
2.24993,44,1739.532604
-28.005792,600,1742.160239
6.681938,17,1742.245227
2.460781,22,1742.354328
2.575157,11,1742.404465
1.842178,231,1743.422403
2.589792,16,1743.500521
32.724674,213,1744.426822
0.062941,467,1746.438322
0.053515,600,1755.019358
-20.80474,600,1757.584086
6.635774,19,1757.662434
-29.303453,600,1760.284828
-31.321822,600,1768.713129
3.971753,600,1771.252456
2.4917,22,1771.33789
-29.032509,600,1773.998822
-32.676302,600,1782.627265
-16.031193,600,1785.239795
-1.380884,600,1787.790253
2.374347,35,1787.940222
-0.533545,600,1790.434673
1.653187,600,1797.995312
1.488178,600,1800.505836
4.9293,46,1800.696781
-8.517291,600,1803.24318
2.251431,600,1811.370925
2.042441,600,1813.982725
2.460493,26,1814.074014
2.516415,14,1814.13103
4.312465,35,1814.256118
1.118046,600,1816.758474
-0.282204,600,1824.757248
2.663138,19,1824.835885
0.367563,600,1827.484733
-0.372449,600,1830.155746
-2.531658,600,1832.613313
2.497192,13,1832.682367
2.541566,16,1832.757029
0.927349,600,1841.463436
-34.049415,600,1844.162374
3.777381,600,1846.765485
2.544683,19,1846.837065
-5.450865,600,1855.447729
24.868491,191,1856.237072
0.090488,600,1858.946071
4.007633,43,1859.14629
1.865574,38,1859.305012
-5.104786,600,1862.049123
3.954818,600,1870.679621
2.359886,35,1870.845654
7.089364,600,1873.476135
2.620123,22,1873.572963
2.365262,30,1873.696197
-2.54744,600,1876.429876
2.501805,15,1876.496592
1.740447,600,1885.152956
33.654416,326,1886.507568
0.697229,600,1889.197297
-6.418389,600,1891.933661
2.668067,16,1892.009325
26.22116,504,1900.090775
-0.179413,600,1902.785403
-0.784525,600,1905.438865
-3.238039,600,1908.10708
2.677435,18,1908.176903
2.682149,15,1908.244512
-16.665039,600,1916.671318
6.154053,600,1919.257828
-2.057485,600,1921.924064
7.074536,600,1930.313792
2.568506,600,1932.875337
2.442432,17,1932.946862
-5.448252,600,1935.639738
-0.867042,600,1944.035792
0.016206,600,1946.582695
2.297635,30,1946.736976
2.450813,17,1946.808864
-2.700419,600,1949.431288
-5.069724,600,1952.055911
1.365031,600,1960.415054
2.534809,33,1960.558067
2.369292,75,1960.857575
2.570136,20,1960.943755
-4.94209,600,1963.646927
2.517484,19,1963.730481
2.464371,18,1963.804572
0.224432,600,1966.343295
2.49398,18,1966.408093
2.107384,600,1974.962893
-1.223774,600,1977.373516
29.86739,375,1979.038793
0.854779,600,1981.542708
2.439609,28,1981.673527
4.267436,23,1981.795929
-3.095671,600,1990.302184
-5.409027,600,1992.995887
-36.055236,600,1995.628495
31.96979,246,1996.73879
-8.050511,600,2005.097272
5.761216,12,2005.155488
-5.261322,600,2007.841743
2.473256,31,2007.983269
-25.165263,600,2010.590239
6.000779,94,2011.007418
15.592963,169,2017.475106
-34.602345,600,2019.97911
30.839997,296,2021.25666
2.442652,25,2021.357016
2.746642,600,2023.918521
2.422534,58,2024.170335
2.560747,15,2024.224289
1.036351,600,2032.609183
0.785857,600,2035.161991
1.938838,600,2037.822803
0.875117,600,2040.389554
2.404905,33,2040.516643
-0.131149,600,2048.864869
3.103607,600,2051.279032
4.64459,600,2053.87225
2.345888,19,2053.946213
-28.553321,600,2062.08443
-35.651482,600,2064.665581
6.494393,22,2064.752494
2.381633,600,2067.333165
1.172498,600,2075.588343
-29.51228,600,2078.324815
6.471254,20,2078.411343
2.734013,12,2078.480742
2.351629,16,2078.551656
1.945367,600,2081.246838
2.390806,35,2081.412991
1.028099,600,2084.057591
-0.332246,600,2092.288579
2.405303,18,2092.367747
-19.585068,600,2095.055004
2.988227,600,2097.658341
-0.756295,600,2105.913034
2.364114,66,2106.178141
2.353749,36,2106.331271
2.360254,31,2106.465431
11.449296,168,2107.282789
-0.049672,600,2109.824427
4.163524,484,2111.878623
24.210046,344,2113.397824
0.692421,600,2121.568046
2.277734,55,2121.796961
2.447561,21,2121.890208
29.926053,230,2122.812905
2.81673,600,2125.421256
6.250942,600,2133.671445
4.1659,34,2133.834724
-18.335736,600,2136.486008
5.732726,600,2139.084076
-0.397726,600,2141.688952
5.382682,241,2148.698781
-1.960055,600,2151.358285
2.413659,25,2151.477672
2.638905,19,2151.562439
2.579373,19,2151.661867
-24.807106,600,2154.305169
7.672652,600,2156.805232
2.341072,48,2157.034345
-23.153811,600,2165.354976
5.170127,600,2167.911424
-5.536415,600,2170.441048
2.55018,22,2170.541181
2.513455,26,2170.65425
2.554141,21,2170.751283
-12.479763,600,2179.02086
-24.2337,600,2181.625252
3.1225,600,2184.207572
2.41466,24,2184.323163
2.54549,20,2184.40593
-5.32064,600,2192.841027
-4.253628,600,2195.416416
3.352233,19,2195.496151
2.277125,45,2195.703899
2.527573,17,2195.79112
0.930143,600,2198.407672
2.544507,31,2198.547341
1.022596,600,2207.020221
-26.618081,600,2209.648043
-15.707935,600,2212.281357
6.50916,20,2212.361264
0.502531,600,2215.010297
-0.890357,600,2223.793387
26.730663,209,2224.708149
4.577611,27,2224.835538
2.458414,19,2224.928369
3.039892,600,2227.542627
-17.977372,600,2230.216872
6.52996,19,2230.308631
4.713439,600,2239.016754
1.317235,600,2241.559978
2.499056,39,2241.732919
-6.010136,600,2244.322806
5.241843,13,2244.373363
2.586293,600,2252.86019
2.583669,18,2252.934719
1.094381,600,2255.602847
2.583367,19,2255.682381
1.993414,600,2258.239684
28.051059,217,2259.199396
2.431711,25,2259.306083
0.501647,600,2267.887012
4.496057,600,2270.483759
2.438987,17,2270.562897
4.00684,600,2273.270573
1.323005,600,2281.874425
6.218857,231,2282.830104
4.220115,600,2285.329217
2.265701,600,2287.972144
2.56873,14,2288.028212
-5.302291,600,2296.719788
18.862695,600,2299.395479
-38.540296,403,2301.07831
6.340025,49,2301.273899
2.444685,20,2301.367708
-0.151372,600,2304.058253
1.650017,600,2312.454615
2.706285,14,2312.51989
-5.084848,600,2315.171396
2.543607,22,2315.291015
0.395848,600,2317.931333
2.447451,17,2318.016812
2.399697,24,2318.15107
36.994489,252,2319.161776
2.388418,600,2327.642472
1.616467,600,2330.356363
2.440716,21,2330.448831
2.499407,17,2330.510973
1.517894,600,2333.167516
2.526286,20,2333.240841
28.165002,223,2334.163455
1.799976,600,2342.812505
0.11406,600,2345.483338
2.476836,12,2345.538273
2.596118,21,2345.641092
2.399787,22,2345.747981
-6.058548,600,2348.365428
5.10521,50,2348.589612
3.367936,600,2356.9955
2.507673,22,2357.104351
2.332557,20,2357.198281
2.493182,20,2357.288207
-5.742927,600,2360.054165
2.381537,19,2360.138613
2.513718,17,2360.224709
1.641494,600,2362.904179
-5.426899,600,2371.316936
5.399219,600,2373.894933
4.31533,53,2374.112589
-3.100432,600,2376.840461
2.620874,26,2376.965665
-14.657545,600,2379.67523
9.68001,600,2388.051525
4.190771,600,2390.545941
29.921333,260,2391.683142
-0.129989,600,2394.240449
2.454989,18,2394.316396
2.500382,19,2394.384518
1.460789,600,2402.895851
2.652702,17,2402.954437
5.506063,600,2405.537014
3.179764,600,2408.102952
0.285474,600,2416.86357
2.648421,12,2416.92153
4.726934,600,2419.554644
2.339554,600,2422.134166
4.674319,600,2430.581714
2.399063,25,2430.675484
0.757469,600,2433.277631
2.640558,12,2433.335763
2.545982,25,2433.447851
2.609295,22,2433.530493
2.451205,31,2433.656662
2.38116,33,2433.804406
2.24095,47,2433.985159
4.316901,600,2436.51196
33.77332,293,2437.912852
0.578794,600,2446.551426
-5.89427,600,2449.20682
8.681208,207,2450.091838
-1.111275,600,2452.714288
-5.258649,600,2460.997634
3.228438,600,2463.506153
2.384892,31,2463.624713
-5.476746,600,2466.244465
-1.080103,600,2474.722338
2.064853,600,2477.296818
2.591946,600,2479.944834
1.40008,600,2482.524947
5.35393,600,2491.132625
-5.822738,600,2493.852549
-5.436649,600,2496.461722
2.582914,26,2496.559693
2.400597,17,2496.640554
-5.414881,600,2505.083138
11.300433,600,2507.694849
2.491013,22,2507.779925
6.959385,600,2510.315929
1.326664,600,2512.858882
2.451188,17,2512.918333
1.199183,600,2521.347527
-1.410754,600,2523.917277
0.851976,600,2526.522241
-34.187038,600,2535.28833
6.235732,62,2535.54577
2.254874,45,2535.725656
26.421736,320,2537.121373
2.16345,13,2537.176637
2.293253,46,2537.378314
2.523691,19,2537.48089
-5.487122,600,2540.155592
-14.686695,600,2542.78246
6.388353,24,2548.872766
4.02888,46,2549.064635
-26.531651,600,2551.722849
5.333203,600,2554.305623
2.28222,45,2554.528428
4.837752,600,2557.094836
2.620885,13,2557.152967
2.882839,600,2565.690798
2.432026,19,2565.785259
1.490375,600,2568.407032
29.196604,593,2571.080648
2.745919,22,2571.176409
-5.086292,600,2579.468148
-5.524167,600,2582.190342
2.119306,600,2584.843039
4.344002,29,2584.982748
1.778414,20,2585.068568
2.624666,15,2585.142323
2.326907,44,2585.330182
-5.291257,600,2593.702937
-5.233837,600,2596.229611
2.185819,61,2596.454994
5.247539,600,2599.013479
4.100461,600,2601.588956
2.461626,21,2601.665783
4.132651,41,2601.823212
1.64125,29,2607.854034
-5.567496,600,2610.430057
2.24643,35,2610.600428
0.258231,587,2613.208662
4.324008,600,2615.790795
-4.785533,600,2624.309906
2.346853,27,2624.433777
-4.966005,600,2627.000691
2.673375,13,2627.057283
-0.888432,600,2629.737457
1.631366,600,2638.258326
2.494095,31,2638.391471
-0.185171,600,2640.983531
2.774305,600,2643.557358
2.329074,48,2643.77524
3.521429,600,2652.407137
2.442358,32,2652.553981
1.957739,600,2655.22769
4.463373,600,2657.801551
2.14865,600,2660.441128
2.440538,18,2660.525102
2.23549,43,2660.72362
4.339303,63,2661.035091
0.36827,600,2669.692366
-4.868389,600,2672.410366
4.110615,61,2672.646815
0.633633,600,2675.185665
2.339127,30,2675.304206
5.619012,600,2683.364429
2.546504,31,2683.500719
2.446068,22,2683.583283
2.482871,24,2683.697363
2.689427,23,2683.79641
1.145774,600,2686.454371
-8.098666,600,2689.061444
-4.954904,600,2697.535414
1.419328,600,2700.108465
2.419287,29,2700.230744
2.487105,44,2700.437853
-32.631144,600,2702.972666
8.144717,39,2703.128481
1.485705,600,2711.940002
4.122894,38,2712.087607
1.94615,600,2714.647735
2.421792,37,2714.794238
1.465281,600,2717.497956
-0.135345,600,2720.082032
2.334155,57,2720.317076
-4.987452,600,2728.524521
3.613524,27,2728.644072
2.514574,15,2728.719746
1.013981,600,2731.351935
2.449558,27,2731.479806
1.2808,600,2734.136316
3.122146,600,2742.636675
2.943086,600,2745.279988
8.423219,600,2747.911742
1.926973,600,2756.313908
2.582552,18,2756.377046
4.054368,38,2756.546157
3.510867,31,2756.712289
1.601069,40,2756.893995
2.429416,24,2756.994467
4.107393,40,2757.149714
1.611846,33,2757.274466
2.206747,600,2759.83803
6.050534,600,2762.420331
-5.209,600,2770.832135
2.307479,54,2771.06113
2.38162,30,2771.199835
4.26872,40,2771.371514
1.718336,20,2771.479143
1.519536,115,2771.994388
2.380109,31,2772.132781
2.493358,17,2772.199448
2.040016,600,2774.698349
2.102432,600,2777.359361
3.770582,600,2785.929967
2.113902,600,2788.514343
2.466134,20,2788.596342
8.120973,600,2791.238565
-5.116676,600,2793.796261
2.261227,600,2802.225005
2.485357,18,2802.29411
2.457297,38,2802.472985
2.423653,42,2802.660241
2.504633,23,2802.761129
2.560841,34,2802.923851
2.559675,16,2803.001928
2.519382,22,2803.088281
0.204512,600,2805.641473
2.418034,19,2805.718332
2.559952,12,2805.77798
2.52986,44,2805.971238
2.396573,24,2806.094029
0.556465,600,2808.683673
2.700392,22,2814.760283
2.458078,37,2814.917758
4.729379,600,2817.529352
-4.942664,600,2820.180063
-5.493924,600,2822.833644
5.740182,600,2831.273796
2.37606,22,2831.368832
8.423719,600,2833.966187
2.911956,47,2834.159065
1.668732,600,2836.86596
-5.036849,600,2845.164379
-34.907529,600,2847.676673
6.37485,44,2847.860668
2.555388,17,2847.929995
2.519405,20,2848.012537
0.388895,600,2850.539624
3.677045,600,2859.159774
2.538599,22,2859.248005
2.553093,18,2859.327244
2.064728,600,2861.904197
2.967058,600,2864.54831
3.914923,49,2864.754389
-32.196622,600,2867.362408
4.944652,600,2875.606395
2.444367,24,2875.721165
2.705932,26,2875.857775
0.493028,600,2878.47472
2.370572,36,2878.630219
2.180763,61,2878.945381
2.3983,45,2879.108024
-4.826557,600,2881.871383
2.552073,20,2881.951364
1.211959,600,2890.440135
1.369768,600,2893.047663
2.584659,16,2893.135085
1.722909,600,2895.687923
3.166073,600,2904.337251
2.255784,49,2904.542404
1.371906,600,2907.226698
2.446189,20,2907.304893
-5.377735,600,2909.78202
-1.470694,600,2918.498094
2.495902,14,2918.561902
2.477175,16,2918.640343
2.430815,25,2918.729567
2.472769,20,2918.810071
7.012101,600,2921.512637
2.036175,600,2924.137702
2.447128,40,2924.327115
0.776324,600,2926.871685
2.358724,48,2927.072012
2.594753,19,2927.151187
2.512097,26,2933.248903
2.398032,51,2933.457521
2.483206,22,2933.560616
2.496595,16,2933.628528
2.409094,27,2933.754769
-0.137733,600,2936.32257
6.240627,600,2938.965642
2.444095,21,2939.060027
2.345289,600,2941.63771
2.312738,44,2941.826554
-0.391973,600,2950.155953
2.266282,54,2950.395015
2.520654,20,2950.480238
2.376778,47,2950.680854
2.323613,36,2950.859264
2.429191,25,2950.974413
2.39194,46,2951.169468
2.489542,33,2951.305669
7.643829,600,2953.855105
4.452738,600,2956.432281
2.542833,24,2956.531603
2.332078,30,2962.55779
5.134731,88,2962.912271
27.243795,349,2964.416035
1.796218,76,2964.753957
10.237085,600,2967.354836
2.433082,39,2967.527565
1.137946,600,2969.769506
28.704597,173,2970.390922
2.153554,45,2970.558292
2.29209,24,2970.647846
2.362256,56,2977.16519
2.392356,20,2977.241928
2.601075,28,2977.348277
2.494869,22,2977.441251
2.541058,19,2977.511178
1.983711,600,2979.812859
3.920307,600,2982.1139
1.775361,600,2984.397177
2.464118,22,2984.490831
2.527056,28,2984.604566
2.595579,26,2984.7071
2.521219,43,2984.876299
5.010143,600,2993.499566
3.886942,600,2995.839959
1.058954,600,2998.189411
2.271436,600,3006.679324
2.453376,30,3006.806293
2.446756,32,3006.926423
5.571744,121,3007.401952
3.859265,600,3009.825811
7.955403,600,3012.233213
0.063576,600,3020.829532
2.528607,37,3020.976461
14.090634,600,3023.367004
4.044879,35,3023.505256
1.748778,16,3023.574156
0.090558,600,3026.027163
6.879687,600,3035.049834
11.757804,600,3037.437037
2.584268,12,3037.488853
2.949822,600,3039.902624
2.778908,600,3042.323131
1.819301,600,3051.110879
2.431724,24,3051.211291
2.397614,34,3051.353872
1.910336,600,3053.777802
2.273461,600,3056.178812
2.481415,36,3056.323901
2.380901,41,3056.500842
2.483565,28,3056.622886
2.496553,20,3056.701875
5.515254,600,3065.42886
1.997096,79,3065.74068
1.674989,600,3068.157936
2.544414,19,3068.237746
-0.36944,600,3070.631448
2.414181,23,3070.728803
2.663165,14,3070.792251
2.692344,600,3079.792883
7.044731,600,3082.181329
2.656163,30,3082.306041
2.366444,41,3082.476015
2.473179,38,3082.622474
9.279802,600,3085.018766
8.25093,600,3093.701474
0.482409,600,3096.141188
2.529671,16,3096.20603
2.53032,20,3096.287938
4.017472,56,3096.510167
1.884192,20,3096.596727
2.605937,28,3096.701812
2.485476,29,3096.817327
3.607368,75,3097.116579
1.441959,600,3099.504716
2.5809,21,3099.59203
2.461643,16,3099.669188
2.488433,23,3099.768374
2.439708,26,3099.878261
13.983076,600,3108.716847
2.53276,19,3108.800678
2.430418,36,3108.950633
2.433521,31,3109.083407
2.410203,40,3109.244738
2.443367,49,3109.436003
2.260584,600,3111.840559
15.258265,600,3114.243599
2.321005,36,3114.384062
2.342976,44,3114.552562
0.350603,600,3123.081445
2.38364,600,3125.471391
2.446716,16,3125.535316
9.026536,600,3127.947617
7.995255,93,3128.308627
11.383557,600,3136.902515
9.289004,600,3139.334172
2.447527,52,3139.553034
12.503906,600,3141.935844
2.436753,22,3142.025993
8.898526,123,3142.533974
1.919575,22,3142.623161
1.373735,600,3151.574986
-0.139651,600,3154.023064
4.296257,600,3156.467099
2.572371,18,3156.541023
0.214101,600,3158.917437
10.018526,600,3167.671857
12.324643,600,3170.10017
2.589627,20,3170.180922
4.172213,31,3170.31237
5.028288,600,3172.722774
2.395601,33,3172.86748
2.374012,600,3181.379923
7.471828,600,3183.791102
1.064295,600,3186.105839
1.796792,252,3187.138505
2.280992,51,3187.328319
4.046726,36,3187.458069
1.686547,24,3187.544507
3.135235,600,3195.74995
2.479702,59,3195.987597
4.599239,89,3196.35661
1.652885,60,3196.590719
3.540013,600,3198.994846
2.519952,600,3201.386499
2.452967,13,3201.439103
13.127823,600,3210.701708
2.448565,40,3210.857637
2.396352,26,3210.970494
-0.111103,600,3213.369275
10.200784,600,3215.808472
2.647242,12,3215.864072
2.230011,600,3224.324457
2.462515,17,3224.395249
2.531884,18,3224.4742
2.501997,24,3224.573713
13.81517,600,3227.001279
3.556498,52,3227.21455
4.127058,600,3229.624281
2.402192,21,3229.716016
4.850508,49,3229.908196
10.552665,600,3238.830686
7.318683,600,3241.233133
3.87994,175,3241.919173
1.911383,34,3242.056241
5.370995,86,3242.380302
2.375114,40,3242.535441
2.255971,44,3242.702582
9.274327,600,3245.416812
1.736325,600,3254.189689
15.911711,600,3256.554304
0.367305,600,3258.906533
5.216376,600,3267.783581
2.446647,18,3267.859631
2.677147,16,3267.926015
2.309689,40,3268.081939
11.668182,600,3270.489161
3.760119,63,3270.747321
2.919486,58,3270.974219
7.132767,600,3273.403678
2.601169,18,3273.485474
2.472259,30,3273.611869
3.176438,600,3282.60032
15.520894,600,3285.028383
4.219943,600,3287.415868
7.160175,600,3289.828943
14.919939,600,3298.962087
15.708377,600,3301.351147
5.409922,74,3301.655139
14.592469,600,3304.073069
2.543208,20,3304.164102
2.390091,19,3304.248777
-32.442888,600,3312.803412
6.395571,35,3312.942846
2.449731,36,3313.093746
15.639478,600,3315.493241
5.191303,600,3317.912237
3.75732,600,3327.035681
15.108625,600,3329.440715
2.154172,20,3329.525692
5.052856,600,3331.91194
3.549384,600,3334.377362
13.672584,600,3343.222384
2.362604,50,3343.445698
6.230647,600,3346.060949
2.445815,19,3346.154044
4.433945,600,3348.589413
15.759583,600,3357.407595
0.614008,600,3359.865206
2.399993,47,3360.048786
14.034729,600,3362.427599
3.087664,600,3370.875752
2.571858,14,3370.931695
3.501768,46,3371.113775
1.785661,17,3371.182175
8.953901,600,3373.595201
6.910111,600,3376.009307
2.468654,14,3376.067871
14.701157,600,3378.46152
2.411713,37,3378.603827
4.698447,49,3378.798957
1.776152,17,3378.871891
0.907091,600,3387.678593
2.601759,16,3387.746351
2.466895,34,3387.888329
4.449439,47,3388.089843
1.574351,19,3388.168769
2.254688,28,3388.281692
2.200411,600,3390.691041
2.34444,28,3390.804792
2.347641,35,3390.952839
2.455437,43,3391.133832
2.532866,17,3391.207584
15.367073,600,3400.039196
2.387677,28,3400.15056
2.350837,46,3400.327996
5.424236,74,3400.621712
1.850853,38,3400.785407
2.489676,28,3400.905328
2.440753,32,3401.042107
0.630402,600,3403.435584
2.415623,27,3403.541164
4.832988,600,3405.938822
2.368994,29,3406.054485
1.348762,600,3414.906367
14.055491,600,3417.314552
0.522792,600,3419.717887
4.058606,45,3419.892467
14.61922,600,3422.339288
2.29436,57,3422.55938
2.376998,33,3422.689045
-5.118674,600,3431.536164
15.884747,600,3433.977092
1.413602,279,3435.080137
2.490541,17,3435.151199
2.395717,26,3435.253933
15.031959,178,3435.980609
2.343284,44,3436.178225
3.615682,600,3444.822477
2.638814,600,3447.251423
3.752056,27,3447.374165
14.214417,600,3449.888175
11.430752,600,3458.383793
4.307728,600,3460.98895
7.589089,101,3461.413293
20.671312,315,3462.747369
3.954721,33,3462.880627
3.649497,38,3463.008021
1.784364,22,3463.086019
3.913924,29,3463.214224
16.325263,271,3464.462492
15.099946,600,3467.066517
15.394483,600,3475.435249
2.532774,13,3475.502574
4.261241,600,3478.013281
2.534049,22,3478.093686
1.46802,600,3480.685696
15.248602,600,3489.251013
1.643734,28,3489.36703
7.950168,600,3492.0015
2.567144,23,3492.108507
-0.418578,600,3494.869983
2.218104,600,3503.234046
2.489767,24,3503.322794
2.305778,36,3503.495284
0.561401,600,3506.045037
1.733433,233,3507.037163
4.613112,600,3509.621158
2.513806,44,3509.801108
9.632414,600,3518.223165
10.708128,600,3520.912688
1.335541,600,3523.275052
9.518983,600,3531.349565
2.23673,40,3531.530393
4.240741,57,3531.776619
3.678192,87,3532.169097
2.447262,600,3534.740472
2.459774,55,3534.948764
2.456501,51,3535.158605
2.295355,33,3535.311903
2.29393,600,3538.040851
1.515258,600,3546.707466
2.487174,32,3546.838942
2.494131,18,3546.910953
2.450473,18,3546.98951
15.26153,600,3549.595896
8.660838,600,3552.230691
2.395092,58,3552.432321
4.866664,600,3555.046803
14.90884,600,3563.68244
2.341883,52,3563.87193
9.237386,600,3566.451744
2.859218,600,3569.067703
2.044951,600,3577.398088
2.602622,24,3577.508686
0.989107,600,3580.040995
2.477199,23,3580.125118
1.402988,600,3582.722666
5.232868,600,3591.340093
11.254001,600,3594.012017
-0.476067,600,3596.619281
1.036263,600,3599.203457
7.220734,600,3607.817237
3.669238,600,3610.403857
10.970751,600,3612.949724
14.564242,600,3621.64337
2.540557,16,3621.716114
15.858313,600,3624.24874
13.726628,600,3626.914837
3.920888,85,3627.338471
1.705241,21,3627.441161
6.038977,600,3635.844691
3.661461,600,3638.460089
15.522867,600,3641.080612
2.483805,17,3641.166791
0.776139,600,3643.793678
15.796755,600,3652.457065
15.673719,600,3655.091107
14.779677,600,3657.693665
1.917177,600,3666.259727
-0.325279,600,3668.925218
3.929367,47,3669.134686
14.238612,600,3671.6744
14.758783,600,3680.062815
2.493888,18,3680.138162
10.874574,600,3682.801594
2.497031,18,3682.891111
2.489084,23,3682.984053
3.720349,600,3685.603755
-32.332812,600,3688.21587
7.009104,600,3696.791801
3.382279,600,3699.383057
15.830026,600,3702.04405
3.689183,600,3710.577727
3.995816,44,3710.762966
2.603611,39,3710.91278
1.29503,600,3713.527013
2.427015,21,3713.618889
15.115848,600,3716.149
7.738039,600,3724.924449
9.641705,110,3725.394559
2.57879,37,3725.572779
2.813902,600,3728.234989
2.521748,19,3728.332969
15.402713,600,3730.899456
2.265301,50,3731.125644
2.089165,121,3731.682444
12.281717,600,3740.190679
9.07167,600,3742.7744
2.549668,22,3742.861
16.352182,600,3745.476321
8.230358,600,3748.175287
4.801986,600,3756.749258
2.545239,600,3759.341317
4.005908,22,3759.445018
-0.218169,600,3762.088899
0.612269,600,3770.841169
2.632724,600,3773.456746
2.565745,25,3773.575961
2.439115,17,3773.657987
2.425773,27,3773.791589
4.311545,48,3774.002163
-0.39131,600,3776.542059
4.059021,48,3776.761467
1.940682,26,3776.878466
5.702268,600,3785.534245
16.396856,600,3788.118314
2.40059,24,3788.223325
2.547972,13,3788.277119
4.063297,85,3788.6673
2.022681,23,3788.77088
-17.023795,600,3791.331976
8.279265,22,3791.411909
9.813179,600,3800.019888
0.598425,600,3802.632027
5.10583,600,3805.284554
2.447005,29,3805.414974
4.241609,27,3805.532284
1.742361,20,3805.610389
0.696995,600,3814.091062
2.440349,40,3814.267484
3.809782,52,3814.45204
14.814372,600,3816.985192
4.202521,60,3817.236552
2.008379,22,3817.324866
9.382971,600,3819.786994
2.398654,22,3819.89135
6.228403,600,3822.433858
2.701657,600,3830.906622
2.643429,18,3830.978729
2.466838,20,3831.064306
6.962991,600,3833.709626
2.730535,13,3833.764046
4.144633,34,3833.920658
4.137974,600,3836.505199
0.704878,600,3844.985583
2.479672,32,3845.131436
3.837147,600,3847.728892
4.300464,37,3847.886141
16.409855,600,3850.479236
3.503289,37,3850.637069
3.582296,29,3850.775215
2.347495,600,3859.167839
2.488989,25,3859.267083
2.665037,26,3859.380085
2.4662,35,3859.521921
2.415366,23,3859.629829
2.65602,600,3862.141265
15.318113,600,3864.740854
2.81833,600,3872.964176
4.144194,36,3873.148688
2.328041,39,3873.345487
2.021464,12,3873.415311
1.384969,600,3876.084974
4.040867,600,3878.581877
15.187415,600,3881.228475
5.612982,600,3889.585019
2.503678,16,3889.656118
1.266711,600,3892.231595
2.633814,16,3892.303784
2.484358,16,3892.382329
4.810552,600,3894.954845
2.124422,600,3903.619199
2.426615,22,3903.737329
14.595635,600,3906.268399
2.411017,23,3906.362101
2.46912,34,3906.508526
14.476066,600,3909.289938
2.228621,18,3909.382008
2.449619,19,3909.486514
0.777736,600,3917.944425
4.658148,600,3920.636262
15.81767,600,3923.330094
2.359237,26,3923.439453
2.490295,30,3923.572102
15.302137,600,3932.222024
1.681787,600,3934.844251
2.369093,34,3934.99231
2.473697,24,3935.103692
3.03918,600,3937.73402
2.549292,16,3937.810512
2.852173,600,3940.387302
3.250441,41,3940.556379
-0.355329,600,3948.922943
4.141543,55,3949.165099
14.668607,600,3951.667057
3.634872,600,3954.192711
6.157463,600,3962.650008
14.939076,600,3965.268845
2.398206,32,3965.42646
2.566801,31,3965.564886
2.412398,20,3965.662753
2.629627,18,3965.735145
5.208153,600,3968.257906
5.322305,600,3976.6169
2.355154,37,3976.783036
14.934627,600,3979.454992
2.45168,18,3979.540841
14.334596,600,3982.178499
19.367488,600,3984.882502
2.36763,35,3990.829965
2.387934,31,3990.965273
-7.161804,600,3993.538778
2.631241,19,3993.628259
2.473268,24,3993.737545
16.972975,600,3996.365124
15.488348,600,3998.938864
2.490806,600,4007.385471
2.516904,27,4007.515954
2.436892,40,4007.699674
5.993428,600,4010.202568
14.796656,600,4012.771939
2.610614,17,4012.85139
2.256666,600,4021.434737
14.592803,600,4023.931233
16.053709,600,4026.516665
15.517158,600,4034.935021
2.296382,43,4035.15443
3.292422,600,4037.691642
12.672066,600,4040.299173
2.882447,600,4042.788682
3.073966,600,4051.169642
16.349619,600,4053.558776
2.576939,16,4053.631561
15.021282,600,4056.285217
16.521732,600,4064.666596
2.244361,35,4064.834073
9.712789,600,4067.400094
1.859506,600,4069.964234
16.326766,600,4072.571881
14.168977,600,4081.002507
7.025732,600,4083.535129
1.768336,327,4084.9417
17.824549,600,4093.377936
15.057778,600,4095.954497
2.464557,27,4096.085989
16.767868,600,4098.687178
2.316214,600,4101.237329
0.565621,600,4109.803099
7.039776,600,4112.3637
3.651743,600,4115.055715
2.570324,16,4115.122479
3.915286,600,4123.475903
2.643719,11,4123.528795
13.861322,600,4126.093469
2.960064,600,4128.69452
3.140202,600,4131.313599
4.514066,89,4137.823782
0.770195,600,4140.415429
2.438035,27,4140.537815
2.464906,28,4140.67877
2.400255,33,4140.841376
0.495032,600,4143.473378
5.593023,600,4146.08709
10.785448,600,4154.567086
8.891449,600,4157.200241
0.74181,600,4159.853613
5.727163,600,4168.660439
2.032197,600,4171.301959
4.514467,53,4171.537545
2.836577,600,4174.180993
2.390789,20,4174.273027
2.626087,600,4182.853686
5.080532,600,4185.567037
2.491065,22,4185.663437
2.5436,23,4185.763053
2.425693,20,4185.857759
2.492075,28,4185.980018
8.736483,600,4188.621792
3.617754,62,4188.870759
1.352186,600,4191.601879
2.161765,600,4200.312568
2.7122,11,4200.369665
2.406607,600,4202.896849
2.692108,600,4205.463154
2.029438,600,4213.825966
2.574317,18,4213.898188
5.01984,46,4214.087082
-0.381269,600,4216.61444
2.410496,30,4216.725835
11.639096,600,4219.282449
2.431508,26,4219.392836
6.335881,600,4227.718093
5.32758,600,4230.400378
5.586065,600,4232.986794
5.213297,600,4235.59662
2.33548,30,4241.497541
1.994765,151,4242.149049
2.447486,29,4242.284482
1.493828,600,4244.887423
0.803231,600,4247.425992
2.921968,600,4250.127596
2.672036,600,4258.825769
12.655858,600,4261.421507
2.493323,14,4261.495451
2.337686,31,4261.638213
2.531644,20,4261.732875
0.490122,600,4264.395567
7.772833,600,4272.841412
8.323324,600,4275.503582
5.587682,600,4278.093016
0.63897,600,4286.447785
2.465531,51,4286.668268
2.412989,28,4286.774208
15.947154,600,4289.28858
15.649953,600,4291.890927
2.527994,11,4291.936942
10.305138,600,4294.518789
2.69713,600,4303.004856
3.96579,600,4305.547445
3.714412,42,4305.728961
2.075779,28,4305.865127
17.643425,600,4308.445359
3.085257,600,4316.940476
15.901549,600,4319.564979
16.062096,600,4322.208473
4.618192,600,4330.816484
2.387644,28,4330.935531
2.594799,18,4331.007946
3.619234,600,4333.52685
2.394299,26,4333.630677
2.515614,32,4333.755625
2.427386,600,4336.370843
18.944844,600,4338.891527
11.726244,600,4347.315081
3.361144,54,4347.556038
2.28789,24,4347.645497
4.641971,600,4350.281916
2.495784,12,4350.333634
18.309825,600,4352.995548
16.813942,600,4361.101703
15.767041,600,4363.703488
15.335275,600,4366.330002
2.442165,18,4366.402867
4.170656,600,4374.965307
5.236427,97,4375.368798
3.021396,600,4377.917539
1.397477,169,4378.678849
15.523746,600,4381.259751
4.36641,600,4389.647943
2.634785,16,4389.724241
-39.899218,600,4392.269398
4.995324,600,4394.844214
7.798876,600,4397.431377
6.576947,600,4405.693988
4.124861,49,4405.889044
14.405901,124,4406.415485
2.883074,600,4409.0159
2.529767,27,4409.128908
2.387973,20,4409.226925
10.54934,600,4411.717168
2.364264,38,4411.889354
4.688116,43,4418.165916
15.407734,600,4420.798174
0.455938,600,4423.354174
1.998085,600,4426.011109
3.96836,600,4434.657089
2.553083,13,4434.70921
3.056597,600,4437.347111
15.330797,600,4439.933385
0.74607,600,4448.403658
6.315004,600,4451.053033
2.513122,12,4451.108774
9.883948,600,4453.819808
2.358459,55,4454.04793
7.388503,600,4456.687912
4.680538,600,4465.016955
-0.584085,600,4467.610559
2.541536,16,4467.678272
2.601625,27,4467.798473
2.465983,19,4467.884926
4.109147,600,4470.478204
14.338285,600,4478.969002
1.888739,600,4481.464053
2.469207,24,4481.564493
2.407797,28,4481.696476
2.443373,18,4481.788314
15.702756,600,4484.355328
11.874576,600,4492.902798
2.470588,28,4493.01825
6.821207,600,4495.656559
2.449311,39,4495.846424
-43.599579,130,4496.413869
8.038614,30,4496.537292
-5.874734,600,4499.196866
14.408749,600,4507.715834
2.536558,32,4507.845494
2.667201,600,4510.436134
2.539994,18,4510.516752
-5.052649,600,4513.19751
16.350276,600,4515.861825
2.468129,27,4521.840174
2.410241,23,4521.938786
2.445122,16,4522.019546
0.474092,600,4524.635458
2.471421,17,4524.701062
2.532429,29,4524.823418
2.788823,600,4527.414974
3.986964,33,4527.568671
17.103028,600,4530.177755
15.768934,600,4538.815962
2.551017,19,4538.889746
1.038445,600,4541.506531
13.808034,600,4544.094048
2.489891,600,4552.546154
2.433394,25,4552.681514
2.559828,21,4552.779464
15.967461,600,4555.378826
6.631334,600,4558.044917
3.130334,600,4566.608815
2.725018,600,4569.238426
4.434591,600,4571.842237
2.367641,52,4572.078501
2.555855,16,4572.150831
3.337562,600,4574.77836
2.428873,600,4583.223864
3.50635,46,4583.415238
15.933167,600,4586.08599
4.247818,600,4588.822829
4.270486,600,4597.193028
1.251489,600,4599.869879
6.328756,600,4602.369446
2.407922,31,4602.503303
-4.77071,600,4610.960176
3.153479,46,4611.164004
12.860582,600,4613.78657
3.83594,600,4616.396986
1.50376,600,4618.961562
2.471232,32,4619.084353
1.518236,600,4627.419598
2.529622,19,4627.485839
14.713538,600,4630.037313
2.977852,600,4632.664778
0.379736,600,4641.285067
2.543081,17,4641.350448
4.711413,600,4643.912746
2.965037,600,4646.4555
1.389319,600,4655.02457
15.57716,600,4657.620631
6.856637,600,4660.140837
2.482749,22,4660.235319
2.429422,18,4660.319112
8.069545,121,4660.834061
7.815552,600,4663.429399
2.560535,600,4671.757794
2.528225,18,4671.849282
6.144369,600,4674.379267
4.812975,600,4676.999795
2.786078,33,4677.134935
14.659601,600,4685.704895
2.268203,35,4685.869379
17.591942,600,4688.474214
14.758489,600,4691.02364
4.570846,60,4691.29015
1.951103,25,4691.404832
3.076302,600,4699.888257
1.540945,600,4702.457663
10.1027,600,4705.085123
-0.96765,600,4707.747276
1.074166,64,4713.984412
3.09576,34,4714.123508
2.029734,150,4714.775493
3.796145,600,4717.291385
2.646422,12,4717.345416
11.690091,600,4719.897755
10.886393,600,4722.568588
-0.762053,600,4730.976882
2.322744,38,4731.144798
13.165719,600,4733.753118
3.745933,600,4736.416156
14.69613,600,4745.232845
3.758453,600,4747.830216
2.671024,600,4750.441254
5.096159,600,4759.178344
12.247729,600,4761.639683
17.125637,600,4764.316533
0.936793,600,4766.984119
2.634912,18,4767.066093
4.532683,600,4775.747734
4.593347,50,4776.005444
-0.614247,600,4778.664958
2.271242,51,4778.917078
15.616965,600,4781.53648
8.005258,600,4789.943296
15.370028,600,4792.616708
-3.68743,600,4795.187186
3.041647,600,4803.490034
2.545311,12,4803.539545
2.543943,23,4803.642251
1.359244,600,4806.1459
2.376068,32,4806.301165
3.353348,600,4808.874884
1.382233,600,4811.411181
-0.165376,600,4820.23572
2.584102,17,4820.315136
2.966342,600,4822.845735
2.441877,23,4822.935305
14.935196,600,4825.47975
16.167431,600,4834.348636
15.238066,600,4837.018076
2.477147,26,4837.123888
2.306044,600,4839.758613
0.409039,600,4848.151924
2.489179,47,4848.358861
2.218111,600,4850.983468
15.961532,600,4853.625635
1.821068,600,4856.109723
14.427505,600,4864.584531
6.252172,600,4867.222565
8.60435,600,4869.899999
2.477841,21,4869.995638
2.028322,600,4878.408144
3.966701,600,4880.960962
2.501478,27,4881.065842
16.392519,600,4883.675359
19.203592,600,4892.289199
0.694013,600,4895.054238
-4.813515,600,4897.590492
0.340939,600,4900.281312
0.746223,600,4908.740687
16.036232,600,4911.275457
-38.305825,600,4913.846038
9.815957,600,4922.321929
15.919067,600,4924.93614
-0.273812,600,4927.589071
2.437115,23,4927.691794
2.536472,12,4927.750906
-0.09629,600,4930.323281
0.902238,600,4938.649877
5.009457,600,4941.256974
2.165496,600,4943.793155
1.017771,600,4952.332482
2.416629,19,4952.404239
2.530187,26,4952.5324
2.342433,33,4952.661891
1.046116,600,4955.203199
2.286717,60,4955.48858
14.90495,600,4958.068174
2.481149,30,4958.206574
5.342875,600,4966.550342
0.996463,600,4969.303683
2.409411,46,4969.514559
2.655677,600,4972.146063
-12.276452,600,4974.707902
6.383853,25,4980.576887
0.857468,600,4983.139696
1.447623,600,4985.686592
4.104864,82,4986.055006
15.629792,600,4988.677978
2.360736,50,4988.914026
0.272571,600,4997.13942
3.228315,600,4999.667885
2.373124,22,4999.7724
4.256055,600,5002.523925
19.578622,600,5011.153484
1.276936,600,5013.828217
1.556857,600,5016.38284
0.973719,600,5025.206882
2.11247,600,5027.841891
-27.624782,600,5030.402855
8.676679,600,5033.120092
2.295797,29,5033.234454
16.290075,600,5041.409631
4.687242,600,5043.932815
6.892857,600,5046.438201
0.589345,600,5055.041538
15.436597,600,5057.719647
2.393578,23,5057.808299
2.577587,46,5058.003953
-0.272482,600,5060.709595
2.980807,600,5063.273271
15.97483,600,5072.005621
17.02072,600,5074.613217
1.59629,600,5077.247415
5.841964,95,5077.648831
2.276613,27,5077.752913
2.090294,600,5086.383041
2.372103,28,5086.509665
5.523148,600,5089.113831
2.525355,12,5089.175476
2.54499,30,5089.311023
15.001782,600,5091.902853
6.206094,600,5100.515666
8.629859,600,5103.09695
2.348218,27,5103.215905
1.872427,600,5105.757131
1.446575,600,5114.413826
2.163453,600,5117.07139
-0.748621,600,5119.735353
2.519098,50,5119.957213
6.191454,600,5122.550628
17.441458,600,5131.332947
2.488562,600,5133.903804
-2.412429,600,5136.47272
2.339169,35,5136.635278
8.137679,600,5145.242644
2.266105,58,5145.487036
6.843537,600,5148.125393
2.465651,21,5148.225195
17.042916,600,5150.754822
2.854511,600,5159.345031
3.740017,600,5161.911157
5.356237,600,5164.483277
15.250574,600,5167.055087
6.258667,600,5175.595624
2.452842,21,5175.682295
2.405146,15,5175.752368
2.39537,22,5175.868496
2.344525,21,5175.961044
2.386573,60,5176.227887
-0.440813,600,5178.912106
2.387285,31,5179.079931
3.633661,600,5181.718022
0.505596,600,5190.221795
4.79519,600,5192.864549
14.891851,600,5195.526121
1.476973,600,5204.022544
9.874039,600,5206.625167
8.64315,600,5209.271866
2.080198,600,5211.883354
0.600496,600,5220.373001
3.897389,600,5222.824763
0.651282,600,5225.381679
4.010423,47,5225.565473
3.42703,29,5225.665343
14.991006,600,5234.128095
2.33267,31,5234.271616
1.578365,600,5236.913308
3.453718,600,5239.553526
2.344066,57,5239.798998
1.745675,600,5248.371509
1.917021,600,5250.900367
15.71443,600,5253.509162
16.384535,600,5256.070251
2.315938,30,5256.192749
2.582453,11,5256.247196
18.476781,600,5264.852821
-6.250875,600,5267.535938
-15.065414,600,5270.031972
15.895091,600,5278.82253
15.119228,600,5281.363245
4.628448,600,5283.865811
15.314828,600,5292.428338
2.287605,600,5294.949983
6.092073,600,5297.500832
14.967574,600,5299.993234
4.263592,600,5308.421356
3.667316,600,5310.935862
2.702469,600,5313.437727
2.114445,600,5322.07522
2.572026,25,5322.170354
0.980161,600,5324.683068
-16.255847,600,5327.263495
2.406091,22,5327.342633
16.352605,600,5329.746238
13.138156,600,5338.408328
16.424504,600,5340.950985
1.31613,600,5343.451949
15.738859,600,5351.903673
3.361372,600,5354.43916
16.346854,600,5357.030277
3.63481,70,5357.322023
3.338207,34,5357.491191
3.001845,25,5357.600847
3.220967,600,5366.024873
15.204373,600,5368.52993
1.905442,600,5371.032288
15.123906,600,5373.48396
19.605025,600,5382.324168
2.910679,600,5384.857721
16.275153,600,5387.319328
6.104367,600,5395.662919
5.055136,600,5398.346538
0.126329,600,5400.981746
5.00885,600,5409.298483
15.648113,600,5411.867157
2.464039,18,5411.951504
2.400244,21,5412.050409
9.719925,600,5414.674437
1.863165,600,5417.263314
4.335502,16,5417.325407
5.991465,600,5425.78607
2.510331,61,5426.038951
4.43522,600,5428.621223
2.005561,600,5431.196084
0.999353,600,5439.710766
3.85381,600,5442.387162
2.409488,29,5442.517356
2.726388,600,5445.07036
21.996203,600,5453.514489
2.395558,600,5456.132982
2.316905,600,5458.826556
3.149384,600,5461.423524
11.931951,600,5469.61375
2.521641,58,5469.845121
3.735561,600,5472.486018
2.466061,52,5472.679714
2.097987,162,5473.330081
9.388065,600,5475.936636
1.772158,600,5484.268221
2.566611,59,5484.521394
0.918132,479,5486.608563
-4.459568,600,5489.347796
2.182186,600,5497.479455
2.362002,600,5500.133437
2.528998,23,5500.222226
4.523007,600,5502.878439
15.776586,600,5505.434111
3.009004,600,5514.065107
4.305487,600,5516.659763
9.567221,600,5519.332965
3.5609,600,5527.60642
2.303285,27,5527.729068
11.530891,600,5530.340816
2.408635,15,5530.425843
1.695494,600,5533.076016
3.784002,600,5541.569048
2.42969,600,5544.177694
2.124952,600,5546.7599
1.295059,600,5549.363835
2.29786,29,5549.488379
3.30005,600,5558.100709
10.174384,101,5558.557754
11.437919,102,5559.006675
0.047931,600,5561.740982
14.494494,600,5564.399069
5.816548,80,5564.740069
2.566261,600,5573.11039
13.880337,600,5575.729038
2.185858,105,5576.127937
17.334357,600,5578.796034
16.368224,600,5587.251678
14.699771,600,5589.806215
2.240448,24,5589.931953
4.786788,600,5592.593947
0.903731,600,5601.326545
14.914993,600,5604.044539
2.358237,54,5604.280878
2.433236,20,5604.380576
8.664773,600,5606.931821
2.687199,11,5606.983769
4.631312,600,5609.57477
0.673339,600,5618.02948
3.494238,600,5620.652374
3.830175,16,5620.723275
5.27135,600,5623.359331
4.054151,79,5623.698109
-1.456623,600,5632.393706
17.277162,600,5634.958472
3.686319,57,5635.192204
1.777416,63,5635.483348
4.147026,29,5635.622156
3.141834,600,5638.221255
4.159735,25,5638.330568
1.679229,68,5638.648014
4.566772,600,5647.213266
2.480335,600,5649.846496
2.512269,15,5649.922318
16.731261,600,5652.484688
2.945494,600,5660.784725
2.27415,37,5660.962183
1.544616,600,5663.589012
3.16774,600,5666.213554
1.626412,55,5666.45064
16.909874,600,5669.133791
14.738889,600,5677.933466
15.377634,600,5680.460927
3.315704,600,5683.007833
3.17888,31,5683.149727
2.972883,600,5691.978409
10.415474,91,5692.394764
2.838233,600,5694.98902
4.278807,25,5695.092778
13.224643,600,5697.760331
5.008977,600,5706.212513
2.702901,25,5706.342279
1.184689,600,5708.907804
1.325633,600,5711.564459
3.377651,600,5714.142023
6.411165,600,5722.712084
2.17774,600,5725.345152
13.718405,600,5727.940375
14.635867,600,5736.244101
3.337277,48,5736.485095
15.362169,600,5739.089866
0.471091,600,5741.672194
2.433827,63,5741.960091
9.02781,600,5750.219507
19.713015,600,5752.76478
4.004477,24,5752.878063
1.562048,77,5753.225528
16.00105,600,5755.86571
4.017076,600,5764.461296
16.238708,600,5767.140846
4.614328,600,5769.796094
18.34869,600,5772.429785
14.628267,600,5781.152215
3.620333,600,5783.705709
2.427937,19,5783.790226
-0.102998,600,5786.396966
1.099364,600,5794.984793
9.719703,78,5795.333415
4.655405,600,5797.934053
15.647034,600,5800.427522
2.152257,600,5803.022378
3.836834,600,5811.467262
3.860139,79,5811.815994
1.500938,106,5812.282946
2.862292,600,5814.946315
12.18175,600,5817.505421
3.690666,600,5825.814917
2.681947,11,5825.86301
2.641007,600,5828.490626
16.004437,600,5831.013783
4.598273,600,5839.513793
15.945192,600,5842.190789
2.308178,23,5842.305494
3.286007,600,5844.858316
4.220483,46,5845.050136
1.651132,21,5845.144218
6.181459,600,5853.691262
8.634336,600,5856.282176
3.92155,600,5858.791888
4.105638,600,5861.339322
4.744392,600,5869.751237
18.918694,600,5872.312268
3.600901,99,5872.746614
11.991611,600,5875.177053
18.770122,600,5883.829817
3.988259,51,5884.084347
1.285955,61,5884.364727
2.40149,99,5884.766262
0.744591,600,5887.379616
19.210088,600,5889.973645
17.898269,600,5898.518837
5.120043,600,5901.05484
2.313745,600,5903.651701
15.543608,600,5912.196378
-15.359352,600,5914.871072
18.950346,600,5917.469036
3.410456,600,5920.010814
2.426193,17,5920.087239
2.508257,64,5920.375132
2.486108,11,5920.430779
2.991325,600,5929.041381
6.021318,600,5931.64505
11.473728,600,5934.210097
13.522799,600,5942.705711
15.597243,600,5945.289914
2.460949,28,5945.435989
3.515066,56,5945.674206
3.992887,54,5945.866757
2.031383,21,5945.940962
9.40941,74,5946.23791
2.392664,69,5946.518624
15.789727,600,5949.125113
13.858202,600,5957.641318
3.980333,84,5957.999202
1.628212,30,5958.129682
3.457998,45,5958.327789
1.924914,53,5958.550514
2.484014,22,5958.642944
3.687613,600,5961.188714
2.421063,600,5963.799484
2.721675,600,5972.217529
19.455536,600,5974.768342
15.768007,600,5977.327036
7.033766,194,5978.207952
13.528019,600,5986.613458
15.983933,600,5989.281282
4.128068,27,5989.396067
4.698353,600,5992.000708
1.461046,600,6000.39918
0.954131,600,6002.991504
6.003144,600,6005.5674
17.717923,600,6008.133801
2.974655,66,6008.402342
16.476657,600,6016.851968
16.381315,600,6019.391126
17.380839,600,6021.961771
4.330384,600,6030.405479
2.971751,600,6032.976705
2.507253,10,6033.020801
4.449113,600,6035.65972
14.377081,600,6038.237374
3.495813,167,6045.156283
4.851157,43,6045.360362
4.311398,600,6047.970003
6.203177,600,6050.483512
3.417529,600,6053.101965
16.954365,600,6061.493499
2.45681,51,6061.742167
16.953209,600,6064.34066
15.542805,600,6066.923162
2.672354,11,6066.980917
2.341166,120,6067.48513
2.95782,39,6067.656133
2.98883,65,6067.952983
19.40095,600,6076.166604
-3.688233,600,6078.683553
16.435238,600,6081.326746
16.96913,600,6089.940219
2.589194,54,6090.219251
2.339821,46,6090.421718
15.715907,600,6093.105863
2.146163,120,6093.594517
14.953188,600,6096.151815
15.586309,600,6104.719816
2.994744,600,6107.280463
6.17789,600,6109.834583
15.373213,600,6118.435928
4.893409,600,6121.006454
3.543791,600,6123.489878
2.49116,25,6123.610311
15.32206,600,6126.170858
2.549741,33,6126.318681
2.204996,93,6126.715358
4.901203,600,6135.252296
4.365256,600,6137.845477
13.818979,600,6140.396779
-0.050239,600,6149.011076
18.32048,600,6151.577277
4.928513,600,6154.13015
16.450288,600,6162.690568
4.529011,600,6165.16685
15.473153,600,6167.635775
6.1279,600,6170.059146
3.976846,24,6170.161885
0.941553,600,6178.253685
2.201977,600,6180.79576
4.964535,600,6183.210485
14.859034,600,6191.406848
15.924827,600,6193.866668
5.489655,600,6196.389701
15.139948,600,6198.906522
4.741249,600,6207.314695
16.341845,600,6209.792327
3.027251,600,6212.250448
4.023335,42,6212.407415
5.21313,600,6220.535627
16.956558,600,6222.975234
4.714013,600,6225.5185
2.667641,600,6234.523326
16.856681,600,6237.016548
15.186801,600,6239.443369
14.946973,600,6241.985302
16.427744,600,6250.859153
4.613579,600,6253.308618
2.173253,600,6255.842118
4.01721,600,6264.208161
4.414769,600,6266.672886
17.962613,600,6269.147825
3.953622,69,6269.461982
0.57105,600,6272.003671
1.527923,600,6280.503808
15.168416,600,6283.068403
16.484582,600,6285.63841
17.152233,600,6294.199881
3.89867,33,6294.33359
15.702824,600,6296.858563
13.413719,600,6299.364247
1.09848,600,6307.816484
16.429601,600,6310.305588
4.164281,72,6310.612507
15.273611,600,6313.09859
16.847197,600,6315.59926
6.057006,600,6324.297217
2.228004,600,6326.978869
4.422047,600,6329.469674
5.700669,600,6337.901926
19.139301,600,6340.520834
6.024244,600,6343.107403
5.655903,600,6351.705299
16.206219,600,6354.307382
16.326163,600,6356.872249
16.120013,600,6359.457798
2.44339,37,6359.611753
16.344924,600,6368.196505
4.601221,600,6370.708984
-6.31688,600,6373.180246
3.554913,62,6373.452964
4.153792,600,6381.906334
4.074885,600,6384.52508
4.37426,600,6387.126451
1.591228,600,6389.707175
15.296444,600,6398.327736
1.855956,600,6400.955273
17.714058,600,6403.540032
15.78729,600,6411.82937
4.107908,29,6411.938943
17.26572,600,6414.517163
5.532883,600,6417.118437
14.483245,600,6425.758014
16.365088,600,6428.350492
3.275567,600,6430.916782
4.107219,30,6431.059328
14.735989,600,6433.703699
4.205128,31,6433.833405
1.50307,47,6434.030275
3.088805,37,6440.116464
3.767204,29,6440.241851
15.838052,600,6442.73122
2.178877,600,6445.115828
3.113556,600,6447.611735
3.35926,600,6455.430356
2.537657,68,6455.729492
15.900451,600,6458.160892
4.063598,19,6458.23924
3.609604,33,6458.362749
3.266133,37,6458.500547
10.270562,600,6461.000029
2.494389,13,6461.053044
8.502328,600,6469.381988
2.323657,23,6469.488057
5.285798,600,6471.961573
3.023058,600,6474.465676
2.359356,600,6483.034754
2.311816,41,6483.199751
3.567574,600,6485.82317
16.354929,600,6488.474253
3.794959,67,6488.730894
16.257479,600,6491.342807
18.496836,600,6499.837451
13.885412,600,6502.476154
16.470702,600,6505.102193
16.608666,600,6513.566931
15.72632,600,6516.247203
16.975387,600,6518.886268
11.553571,600,6527.308613
5.258103,600,6529.873955
17.072279,600,6532.587672
16.467017,600,6535.254359
3.693145,600,6543.655574
2.438167,18,6543.729448
3.451205,34,6543.875037
2.425895,600,6546.458752
19.934876,600,6549.056701
5.286861,600,6557.675407
3.575834,31,6557.816988
2.039254,61,6558.076602
19.111075,600,6560.63768
